t,x,y,yaw,speed,target_y,steering,left_wheel,right_wheel
0.050,2.2997,0.0000,-0.0033,0.0061,0.00,0.0034,0.0034,0.0034
0.100,2.2988,-0.0000,-0.0031,0.0186,0.00,0.0029,0.0029,0.0029
0.150,2.2979,-0.0001,-0.0019,0.0177,0.00,0.0014,0.0014,0.0014
0.200,2.2969,-0.0002,-0.0008,0.0200,0.00,0.0001,0.0001,0.0001
0.250,2.2958,-0.0002,0.0004,0.0216,0.00,-0.0013,-0.0013,-0.0013
0.300,2.2947,-0.0002,0.0013,0.0226,0.00,-0.0023,-0.0023,-0.0023
0.350,2.2935,-0.0003,0.0020,0.0235,0.00,-0.0031,-0.0031,-0.0031
0.400,2.2923,-0.0003,0.0024,0.0243,0.00,-0.0037,-0.0037,-0.0037
0.450,2.2910,-0.0003,0.0028,0.0249,0.00,-0.0041,-0.0041,-0.0041
0.500,2.2898,-0.0003,0.0030,0.0255,0.00,-0.0044,-0.0044,-0.0044
0.550,2.2885,-0.0004,0.0032,0.0260,0.00,-0.0047,-0.0047,-0.0047
0.600,2.2871,-0.0004,0.0034,0.0265,0.00,-0.0049,-0.0048,-0.0049
0.650,2.2858,-0.0004,0.0035,0.0269,0.00,-0.0050,-0.0050,-0.0050
0.700,2.2844,-0.0004,0.0035,0.0272,0.00,-0.0051,-0.0051,-0.0051
0.750,2.2831,-0.0004,0.0036,0.0275,0.00,-0.0052,-0.0052,-0.0052
0.800,2.2817,-0.0004,0.0036,0.0277,0.00,-0.0053,-0.0053,-0.0053
0.850,2.2803,-0.0004,0.0037,0.0279,0.00,-0.0054,-0.0054,-0.0054
0.900,2.2789,-0.0004,0.0037,0.0281,0.00,-0.0054,-0.0054,-0.0054
0.950,2.2775,-0.0004,0.0037,0.0282,0.00,-0.0055,-0.0054,-0.0055
1.000,2.2761,-0.0005,0.0037,0.0284,0.00,-0.0055,-0.0055,-0.0055
1.050,2.2746,-0.0005,0.0037,0.0285,0.00,-0.0055,-0.0055,-0.0055
1.100,2.2732,-0.0005,0.0037,0.0286,0.00,-0.0055,-0.0055,-0.0055
1.150,2.2718,-0.0005,0.0037,0.0287,0.00,-0.0055,-0.0055,-0.0055
1.200,2.2703,-0.0005,0.0037,0.0288,0.00,-0.0056,-0.0055,-0.0056
1.250,2.2689,-0.0005,0.0037,0.0288,0.00,-0.0056,-0.0056,-0.0056
1.300,2.2674,-0.0005,0.0037,0.0289,0.00,-0.0056,-0.0056,-0.0056
1.350,2.2660,-0.0005,0.0037,0.0289,0.00,-0.0056,-0.0056,-0.0056
1.400,2.2646,-0.0005,0.0037,0.0290,0.00,-0.0056,-0.0056,-0.0056
1.450,2.2631,-0.0005,0.0037,0.0290,0.00,-0.0056,-0.0056,-0.0056
1.500,2.2616,-0.0005,0.0037,0.0290,0.00,-0.0056,-0.0056,-0.0056
1.550,2.2602,-0.0005,0.0037,0.0291,0.00,-0.0056,-0.0056,-0.0056
1.600,2.2587,-0.0005,0.0037,0.0291,0.00,-0.0056,-0.0055,-0.0056
1.650,2.2573,-0.0005,0.0036,0.0291,0.00,-0.0055,-0.0055,-0.0056
1.700,2.2558,-0.0005,0.0036,0.0291,0.00,-0.0055,-0.0055,-0.0055
1.750,2.2544,-0.0005,0.0036,0.0291,0.00,-0.0055,-0.0055,-0.0055
1.800,2.2529,-0.0005,0.0036,0.0291,0.00,-0.0055,-0.0055,-0.0055
1.850,2.2515,-0.0005,0.0036,0.0292,0.00,-0.0055,-0.0055,-0.0055
1.900,2.2500,-0.0005,0.0036,0.0292,0.00,-0.0055,-0.0055,-0.0055
1.950,2.2485,-0.0005,0.0036,0.0292,0.00,-0.0055,-0.0055,-0.0055
2.000,2.2471,-0.0005,0.0035,0.0292,0.00,-0.0055,-0.0055,-0.0055
2.050,2.2456,-0.0005,0.0035,0.0292,0.00,-0.0055,-0.0055,-0.0055
2.100,2.2442,-0.0005,0.0035,0.0292,0.00,-0.0055,-0.0055,-0.0055
2.150,2.2427,-0.0005,0.0035,0.0292,0.00,-0.0054,-0.0054,-0.0055
2.200,2.2412,-0.0005,0.0035,0.0292,0.00,-0.0054,-0.0054,-0.0054
2.250,2.2398,-0.0005,0.0035,0.0292,0.00,-0.0054,-0.0054,-0.0054
2.300,2.2383,-0.0005,0.0034,0.0292,0.00,-0.0054,-0.0054,-0.0054
2.350,2.2369,-0.0005,0.0034,0.0292,0.00,-0.0054,-0.0054,-0.0054
2.400,2.2354,-0.0005,0.0034,0.0292,0.00,-0.0054,-0.0054,-0.0054
2.450,2.2339,-0.0005,0.0034,0.0292,0.00,-0.0054,-0.0054,-0.0054
2.500,2.2325,-0.0005,0.0034,0.0292,0.00,-0.0054,-0.0054,-0.0054
2.550,2.2310,-0.0005,0.0033,0.0292,0.00,-0.0053,-0.0053,-0.0054
2.600,2.2296,-0.0005,0.0033,0.0292,0.00,-0.0053,-0.0053,-0.0053
2.650,2.2281,-0.0005,0.0033,0.0292,0.00,-0.0053,-0.0053,-0.0053
2.700,2.2266,-0.0005,0.0033,0.0292,0.00,-0.0053,-0.0053,-0.0053
2.750,2.2252,-0.0005,0.0033,0.0292,0.00,-0.0053,-0.0053,-0.0053
2.800,2.2237,-0.0005,0.0033,0.0292,0.00,-0.0053,-0.0053,-0.0053
2.850,2.2223,-0.0005,0.0032,0.0292,0.00,-0.0053,-0.0053,-0.0053
2.900,2.2208,-0.0005,0.0032,0.0292,0.00,-0.0053,-0.0053,-0.0053
2.950,2.2193,-0.0005,0.0032,0.0292,0.00,-0.0052,-0.0052,-0.0053
3.000,2.2179,-0.0005,0.0032,0.0292,0.00,-0.0052,-0.0052,-0.0052
3.050,2.2164,-0.0005,0.0032,0.0292,0.00,-0.0052,-0.0052,-0.0052
3.100,2.2150,-0.0005,0.0032,0.0292,0.00,-0.0052,-0.0052,-0.0052
3.150,2.2135,-0.0005,0.0031,0.0292,0.00,-0.0052,-0.0052,-0.0052
3.200,2.2120,-0.0005,0.0031,0.0292,0.00,-0.0052,-0.0052,-0.0052
3.250,2.2106,-0.0005,0.0031,0.0292,0.00,-0.0052,-0.0052,-0.0052
3.300,2.2091,-0.0005,0.0031,0.0292,0.00,-0.0052,-0.0052,-0.0052
3.350,2.2076,-0.0005,0.0031,0.0292,0.00,-0.0052,-0.0052,-0.0052
3.400,2.2062,-0.0005,0.0031,0.0292,0.00,-0.0052,-0.0051,-0.0052
3.450,2.2047,-0.0005,0.0031,0.0292,0.00,-0.0051,-0.0051,-0.0051
3.500,2.2033,-0.0005,0.0030,0.0292,0.00,-0.0051,-0.0051,-0.0051
3.550,2.2018,-0.0005,0.0030,0.0292,0.00,-0.0051,-0.0051,-0.0051
3.600,2.2003,-0.0005,0.0030,0.0292,0.00,-0.0051,-0.0051,-0.0051
3.650,2.1989,-0.0005,0.0030,0.0292,0.00,-0.0051,-0.0051,-0.0051
3.700,2.1974,-0.0006,0.0030,0.0292,0.00,-0.0051,-0.0051,-0.0051
3.750,2.1960,-0.0006,0.0030,0.0292,0.00,-0.0051,-0.0051,-0.0051
3.800,2.1945,-0.0006,0.0030,0.0292,0.00,-0.0051,-0.0051,-0.0051
3.850,2.1930,-0.0006,0.0030,0.0292,0.00,-0.0051,-0.0051,-0.0051
3.900,2.1916,-0.0006,0.0030,0.0292,0.00,-0.0051,-0.0051,-0.0051
3.950,2.1901,-0.0006,0.0029,0.0292,0.00,-0.0051,-0.0051,-0.0051
4.000,2.1886,-0.0006,0.0029,0.0292,0.00,-0.0051,-0.0051,-0.0051
4.050,2.1872,-0.0006,0.0029,0.0292,0.00,-0.0051,-0.0051,-0.0051
4.100,2.1857,-0.0006,0.0029,0.0292,0.00,-0.0051,-0.0051,-0.0051
4.150,2.1843,-0.0006,0.0029,0.0292,0.00,-0.0051,-0.0051,-0.0051
4.200,2.1828,-0.0006,0.0029,0.0292,0.00,-0.0051,-0.0050,-0.0051
4.250,2.1813,-0.0006,0.0029,0.0292,0.00,-0.0051,-0.0050,-0.0051
4.300,2.1799,-0.0006,0.0029,0.0292,0.00,-0.0050,-0.0050,-0.0051
4.350,2.1784,-0.0006,0.0029,0.0292,0.00,-0.0050,-0.0050,-0.0050
4.400,2.1770,-0.0006,0.0029,0.0292,0.00,-0.0050,-0.0050,-0.0050
4.450,2.1755,-0.0006,0.0029,0.0292,0.00,-0.0050,-0.0050,-0.0050
4.500,2.1740,-0.0006,0.0029,0.0292,0.00,-0.0050,-0.0050,-0.0050
4.550,2.1726,-0.0006,0.0029,0.0292,0.00,-0.0050,-0.0050,-0.0050
4.600,2.1711,-0.0006,0.0029,0.0292,0.00,-0.0050,-0.0050,-0.0050
4.650,2.1696,-0.0006,0.0028,0.0292,0.00,-0.0050,-0.0050,-0.0050
4.700,2.1682,-0.0006,0.0028,0.0292,0.00,-0.0050,-0.0050,-0.0050
4.750,2.1667,-0.0006,0.0028,0.0292,0.00,-0.0050,-0.0050,-0.0050
4.800,2.1653,-0.0006,0.0028,0.0292,0.00,-0.0050,-0.0050,-0.0050
4.850,2.1638,-0.0006,0.0028,0.0292,0.00,-0.0050,-0.0050,-0.0050
4.900,2.1623,-0.0006,0.0028,0.0292,0.00,-0.0050,-0.0050,-0.0050
4.950,2.1609,-0.0006,0.0028,0.0292,0.00,-0.0050,-0.0050,-0.0050
5.000,2.1594,-0.0006,0.0028,0.0292,0.00,-0.0050,-0.0050,-0.0050
5.050,2.1579,-0.0006,0.0028,0.0292,0.00,-0.0050,-0.0050,-0.0050
5.100,2.1565,-0.0006,0.0028,0.0292,0.00,-0.0050,-0.0050,-0.0050
5.150,2.1550,-0.0006,0.0028,0.0292,0.00,-0.0050,-0.0050,-0.0050
5.200,2.1536,-0.0006,0.0027,0.0292,0.00,-0.0050,-0.0050,-0.0050
5.250,2.1521,-0.0006,0.0027,0.0292,0.00,-0.0049,-0.0049,-0.0050
5.300,2.1506,-0.0006,0.0027,0.0292,0.00,-0.0049,-0.0049,-0.0049
5.350,2.1492,-0.0006,0.0027,0.0292,0.00,-0.0049,-0.0049,-0.0049
5.400,2.1477,-0.0006,0.0027,0.0292,0.00,-0.0049,-0.0049,-0.0049
5.450,2.1463,-0.0006,0.0027,0.0292,0.00,-0.0049,-0.0049,-0.0049
5.500,2.1448,-0.0006,0.0027,0.0292,0.00,-0.0049,-0.0049,-0.0049
5.550,2.1433,-0.0006,0.0027,0.0292,0.00,-0.0049,-0.0049,-0.0049
5.600,2.1419,-0.0006,0.0027,0.0292,0.00,-0.0049,-0.0049,-0.0049
5.650,2.1404,-0.0006,0.0026,0.0292,0.00,-0.0049,-0.0049,-0.0049
5.700,2.1389,-0.0006,0.0026,0.0292,0.00,-0.0049,-0.0049,-0.0049
5.750,2.1375,-0.0006,0.0026,0.0292,0.00,-0.0049,-0.0049,-0.0049
5.800,2.1360,-0.0006,0.0026,0.0292,0.00,-0.0049,-0.0049,-0.0049
5.850,2.1346,-0.0006,0.0026,0.0292,0.00,-0.0049,-0.0049,-0.0049
5.900,2.1331,-0.0006,0.0026,0.0292,0.00,-0.0049,-0.0049,-0.0049
5.950,2.1316,-0.0006,0.0026,0.0292,0.00,-0.0048,-0.0048,-0.0049
6.000,2.1302,-0.0006,0.0026,0.0292,0.00,-0.0048,-0.0048,-0.0048
6.050,2.1287,-0.0006,0.0026,0.0292,0.00,-0.0048,-0.0048,-0.0048
6.100,2.1272,-0.0006,0.0025,0.0292,0.00,-0.0048,-0.0048,-0.0048
6.150,2.1258,-0.0006,0.0025,0.0292,0.00,-0.0048,-0.0048,-0.0048
6.200,2.1243,-0.0006,0.0025,0.0292,0.00,-0.0048,-0.0048,-0.0048
6.250,2.1229,-0.0006,0.0025,0.0292,0.00,-0.0048,-0.0048,-0.0048
6.300,2.1214,-0.0006,0.0025,0.0292,0.00,-0.0048,-0.0048,-0.0048
6.350,2.1199,-0.0006,0.0025,0.0292,0.00,-0.0048,-0.0048,-0.0048
6.400,2.1185,-0.0006,0.0025,0.0292,0.00,-0.0048,-0.0048,-0.0048
6.450,2.1170,-0.0006,0.0025,0.0292,0.00,-0.0048,-0.0048,-0.0048
6.500,2.1156,-0.0006,0.0025,0.0292,0.00,-0.0048,-0.0047,-0.0048
6.550,2.1141,-0.0006,0.0024,0.0292,0.00,-0.0047,-0.0047,-0.0047
6.600,2.1126,-0.0006,0.0024,0.0292,0.00,-0.0047,-0.0047,-0.0047
6.650,2.1112,-0.0006,0.0024,0.0292,0.00,-0.0047,-0.0047,-0.0047
6.700,2.1097,-0.0006,0.0024,0.0292,0.00,-0.0047,-0.0047,-0.0047
6.750,2.1082,-0.0006,0.0024,0.0292,0.00,-0.0047,-0.0047,-0.0047
6.800,2.1068,-0.0006,0.0024,0.0292,0.00,-0.0047,-0.0047,-0.0047
6.850,2.1053,-0.0006,0.0024,0.0292,0.00,-0.0047,-0.0047,-0.0047
6.900,2.1039,-0.0006,0.0024,0.0292,0.00,-0.0047,-0.0047,-0.0047
6.950,2.1024,-0.0006,0.0023,0.0292,0.00,-0.0047,-0.0047,-0.0047
7.000,2.1009,-0.0006,0.0023,0.0292,0.00,-0.0047,-0.0047,-0.0047
7.050,2.0995,-0.0006,0.0023,0.0292,0.00,-0.0046,-0.0046,-0.0047
7.100,2.0980,-0.0006,0.0023,0.0292,0.00,-0.0046,-0.0046,-0.0046
7.150,2.0965,-0.0006,0.0023,0.0292,0.00,-0.0046,-0.0046,-0.0046
7.200,2.0951,-0.0006,0.0023,0.0292,0.00,-0.0046,-0.0046,-0.0046
7.250,2.0936,-0.0006,0.0023,0.0292,0.00,-0.0046,-0.0046,-0.0046
7.300,2.0922,-0.0006,0.0023,0.0292,0.00,-0.0046,-0.0046,-0.0046
7.350,2.0907,-0.0006,0.0022,0.0292,0.00,-0.0046,-0.0046,-0.0046
7.400,2.0892,-0.0006,0.0022,0.0292,0.00,-0.0046,-0.0046,-0.0046
7.450,2.0878,-0.0006,0.0022,0.0292,0.00,-0.0046,-0.0046,-0.0046
7.500,2.0863,-0.0006,0.0022,0.0292,0.00,-0.0046,-0.0046,-0.0046
7.550,2.0848,-0.0006,0.0022,0.0292,0.00,-0.0045,-0.0045,-0.0046
7.600,2.0834,-0.0006,0.0022,0.0292,0.00,-0.0045,-0.0045,-0.0045
7.650,2.0819,-0.0006,0.0022,0.0292,0.00,-0.0045,-0.0045,-0.0045
7.700,2.0805,-0.0006,0.0022,0.0292,0.00,-0.0045,-0.0045,-0.0045
7.750,2.0790,-0.0006,0.0021,0.0292,0.00,-0.0045,-0.0045,-0.0045
7.800,2.0775,-0.0006,0.0021,0.0292,0.00,-0.0045,-0.0045,-0.0045
7.850,2.0761,-0.0006,0.0021,0.0292,0.00,-0.0045,-0.0045,-0.0045
7.900,2.0746,-0.0006,0.0021,0.0292,0.00,-0.0045,-0.0045,-0.0045
7.950,2.0731,-0.0006,0.0021,0.0292,0.00,-0.0045,-0.0045,-0.0045
8.000,2.0717,-0.0006,0.0021,0.0292,0.00,-0.0044,-0.0044,-0.0045
8.050,2.0702,-0.0006,0.0021,0.0292,0.00,-0.0044,-0.0044,-0.0044
8.100,2.0688,-0.0006,0.0020,0.0292,0.00,-0.0044,-0.0044,-0.0044
8.150,2.0673,-0.0006,0.0020,0.0292,0.00,-0.0044,-0.0044,-0.0044
8.200,2.0658,-0.0006,0.0020,0.0292,0.00,-0.0044,-0.0044,-0.0044
8.250,2.0644,-0.0006,0.0020,0.0292,0.00,-0.0044,-0.0044,-0.0044
8.300,2.0629,-0.0006,0.0020,0.0292,0.00,-0.0044,-0.0044,-0.0044
8.350,2.0614,-0.0006,0.0020,0.0292,0.00,-0.0044,-0.0044,-0.0044
8.400,2.0600,-0.0006,0.0020,0.0292,0.00,-0.0044,-0.0044,-0.0044
8.450,2.0585,-0.0006,0.0019,0.0292,0.00,-0.0043,-0.0043,-0.0043
8.500,2.0571,-0.0006,0.0019,0.0292,0.00,-0.0043,-0.0043,-0.0043
8.550,2.0556,-0.0006,0.0019,0.0292,0.00,-0.0043,-0.0043,-0.0043
8.600,2.0541,-0.0006,0.0019,0.0292,0.00,-0.0043,-0.0043,-0.0043
8.650,2.0527,-0.0006,0.0019,0.0292,0.00,-0.0043,-0.0043,-0.0043
8.700,2.0512,-0.0006,0.0019,0.0292,0.00,-0.0043,-0.0043,-0.0043
8.750,2.0497,-0.0006,0.0019,0.0292,0.00,-0.0043,-0.0043,-0.0043
8.800,2.0483,-0.0006,0.0019,0.0292,0.00,-0.0043,-0.0043,-0.0043
8.850,2.0468,-0.0006,0.0018,0.0292,0.00,-0.0042,-0.0042,-0.0043
8.900,2.0454,-0.0006,0.0018,0.0292,0.00,-0.0042,-0.0042,-0.0042
8.950,2.0439,-0.0006,0.0018,0.0292,0.00,-0.0042,-0.0042,-0.0042
9.000,2.0424,-0.0006,0.0018,0.0292,0.00,-0.0042,-0.0042,-0.0042
9.050,2.0410,-0.0006,0.0018,0.0292,0.00,-0.0042,-0.0042,-0.0042
9.100,2.0395,-0.0006,0.0018,0.0292,0.00,-0.0042,-0.0042,-0.0042
9.150,2.0380,-0.0006,0.0018,0.0292,0.00,-0.0042,-0.0042,-0.0042
9.200,2.0366,-0.0006,0.0017,0.0292,0.00,-0.0042,-0.0042,-0.0042
9.250,2.0351,-0.0006,0.0017,0.0292,0.00,-0.0041,-0.0041,-0.0042
9.300,2.0337,-0.0006,0.0017,0.0292,0.00,-0.0041,-0.0041,-0.0041
9.350,2.0322,-0.0006,0.0017,0.0292,0.00,-0.0041,-0.0041,-0.0041
9.400,2.0307,-0.0006,0.0017,0.0292,0.00,-0.0041,-0.0041,-0.0041
9.450,2.0293,-0.0006,0.0017,0.0292,0.00,-0.0041,-0.0041,-0.0041
9.500,2.0278,-0.0006,0.0017,0.0292,0.00,-0.0041,-0.0041,-0.0041
9.550,2.0263,-0.0006,0.0016,0.0292,0.00,-0.0041,-0.0041,-0.0041
9.600,2.0249,-0.0006,0.0016,0.0292,0.00,-0.0041,-0.0041,-0.0041
9.650,2.0234,-0.0006,0.0016,0.0292,0.00,-0.0040,-0.0040,-0.0040
9.700,2.0220,-0.0006,0.0016,0.0292,0.00,-0.0040,-0.0040,-0.0040
9.750,2.0205,-0.0006,0.0016,0.0292,0.00,-0.0040,-0.0040,-0.0040
9.800,2.0190,-0.0006,0.0016,0.0292,0.00,-0.0040,-0.0040,-0.0040
9.850,2.0176,-0.0006,0.0016,0.0292,0.00,-0.0040,-0.0040,-0.0040
9.900,2.0161,-0.0006,0.0015,0.0292,0.00,-0.0040,-0.0040,-0.0040
9.950,2.0146,-0.0006,0.0015,0.0293,0.00,-0.0040,-0.0040,-0.0040
10.000,2.0132,-0.0006,0.0015,0.0293,0.00,-0.0040,-0.0039,-0.0040
10.050,2.0117,-0.0006,0.0015,0.0293,0.00,-0.0039,-0.0039,-0.0039
10.100,2.0103,-0.0006,0.0015,0.0293,0.00,-0.0039,-0.0039,-0.0039
10.150,2.0088,-0.0006,0.0015,0.0293,0.00,-0.0039,-0.0039,-0.0039
10.200,2.0073,-0.0006,0.0015,0.0293,0.00,-0.0039,-0.0039,-0.0039
10.250,2.0059,-0.0006,0.0014,0.0293,0.00,-0.0039,-0.0039,-0.0039
10.300,2.0044,-0.0006,0.0014,0.0293,0.00,-0.0039,-0.0039,-0.0039
10.350,2.0029,-0.0006,0.0014,0.0293,0.00,-0.0039,-0.0039,-0.0039
10.400,2.0015,-0.0006,0.0014,0.0293,0.00,-0.0038,-0.0038,-0.0038
10.450,2.0000,-0.0006,0.0014,0.0293,0.00,-0.0038,-0.0038,-0.0038
10.500,1.9986,-0.0006,0.0014,0.0293,0.00,-0.0038,-0.0038,-0.0038
10.550,1.9971,-0.0006,0.0014,0.0293,0.00,-0.0038,-0.0038,-0.0038
10.600,1.9956,-0.0006,0.0013,0.0293,0.00,-0.0038,-0.0038,-0.0038
10.650,1.9942,-0.0006,0.0013,0.0293,0.00,-0.0038,-0.0038,-0.0038
10.700,1.9927,-0.0006,0.0013,0.0293,0.00,-0.0038,-0.0038,-0.0038
10.750,1.9912,-0.0006,0.0013,0.0293,0.00,-0.0038,-0.0037,-0.0038
10.800,1.9898,-0.0006,0.0013,0.0293,0.00,-0.0037,-0.0037,-0.0037
10.850,1.9883,-0.0006,0.0013,0.0293,0.00,-0.0037,-0.0037,-0.0037
10.900,1.9869,-0.0006,0.0013,0.0293,0.00,-0.0037,-0.0037,-0.0037
10.950,1.9854,-0.0006,0.0012,0.0293,0.00,-0.0037,-0.0037,-0.0037
11.000,1.9839,-0.0006,0.0012,0.0293,0.00,-0.0037,-0.0037,-0.0037
11.050,1.9825,-0.0006,0.0012,0.0293,0.00,-0.0037,-0.0037,-0.0037
11.100,1.9810,-0.0006,0.0012,0.0293,0.00,-0.0037,-0.0037,-0.0037
11.150,1.9795,-0.0006,0.0012,0.0293,0.00,-0.0036,-0.0036,-0.0036
11.200,1.9781,-0.0006,0.0012,0.0293,0.00,-0.0036,-0.0036,-0.0036
11.250,1.9766,-0.0006,0.0012,0.0293,0.00,-0.0036,-0.0036,-0.0036
11.300,1.9752,-0.0006,0.0011,0.0293,0.00,-0.0036,-0.0036,-0.0036
11.350,1.9737,-0.0006,0.0011,0.0293,0.00,-0.0036,-0.0036,-0.0036
11.400,1.9722,-0.0006,0.0011,0.0293,0.00,-0.0036,-0.0036,-0.0036
11.450,1.9708,-0.0006,0.0011,0.0293,0.00,-0.0036,-0.0036,-0.0036
11.500,1.9693,-0.0006,0.0011,0.0292,0.00,-0.0035,-0.0035,-0.0035
11.550,1.9678,-0.0006,0.0011,0.0292,0.00,-0.0035,-0.0035,-0.0035
11.600,1.9664,-0.0006,0.0011,0.0292,0.00,-0.0035,-0.0035,-0.0035
11.650,1.9649,-0.0006,0.0010,0.0292,0.00,-0.0035,-0.0035,-0.0035
11.700,1.9635,-0.0006,0.0010,0.0292,0.00,-0.0035,-0.0035,-0.0035
11.750,1.9620,-0.0006,0.0010,0.0292,0.00,-0.0035,-0.0035,-0.0035
11.800,1.9605,-0.0006,0.0010,0.0292,0.00,-0.0035,-0.0035,-0.0035
11.850,1.9591,-0.0006,0.0010,0.0292,0.00,-0.0034,-0.0034,-0.0034
11.900,1.9576,-0.0006,0.0010,0.0292,0.00,-0.0034,-0.0034,-0.0034
11.950,1.9561,-0.0006,0.0010,0.0292,0.00,-0.0034,-0.0034,-0.0034
12.000,1.9547,-0.0006,0.0009,0.0292,0.00,-0.0034,-0.0034,-0.0034
12.050,1.9532,-0.0006,0.0009,0.0292,0.00,-0.0034,-0.0034,-0.0034
12.100,1.9518,-0.0006,0.0009,0.0292,0.00,-0.0034,-0.0034,-0.0034
12.150,1.9503,-0.0006,0.0009,0.0292,0.00,-0.0034,-0.0034,-0.0034
12.200,1.9488,-0.0006,0.0009,0.0292,0.00,-0.0033,-0.0033,-0.0033
12.250,1.9474,-0.0006,0.0009,0.0292,0.00,-0.0033,-0.0033,-0.0033
12.300,1.9459,-0.0006,0.0009,0.0292,0.00,-0.0033,-0.0033,-0.0033
12.350,1.9444,-0.0006,0.0009,0.0292,0.00,-0.0033,-0.0033,-0.0033
12.400,1.9430,-0.0006,0.0008,0.0292,0.00,-0.0033,-0.0033,-0.0033
12.450,1.9415,-0.0006,0.0008,0.0292,0.00,-0.0033,-0.0033,-0.0033
12.500,1.9401,-0.0006,0.0008,0.0292,0.00,-0.0033,-0.0033,-0.0033
12.550,1.9386,-0.0006,0.0008,0.0292,0.00,-0.0032,-0.0032,-0.0033
12.600,1.9371,-0.0006,0.0008,0.0292,0.00,-0.0032,-0.0032,-0.0032
12.650,1.9357,-0.0006,0.0008,0.0292,0.00,-0.0032,-0.0032,-0.0032
12.700,1.9342,-0.0006,0.0008,0.0292,0.00,-0.0032,-0.0032,-0.0032
12.750,1.9327,-0.0006,0.0007,0.0292,0.00,-0.0032,-0.0032,-0.0032
12.800,1.9313,-0.0006,0.0007,0.0292,0.00,-0.0032,-0.0032,-0.0032
12.850,1.9298,-0.0006,0.0007,0.0292,0.00,-0.0032,-0.0032,-0.0032
12.900,1.9284,-0.0006,0.0007,0.0292,0.00,-0.0031,-0.0031,-0.0032
12.950,1.9269,-0.0006,0.0007,0.0292,0.00,-0.0031,-0.0031,-0.0031
13.000,1.9254,-0.0006,0.0007,0.0292,0.00,-0.0031,-0.0031,-0.0031
13.050,1.9240,-0.0006,0.0007,0.0292,0.00,-0.0031,-0.0031,-0.0031
13.100,1.9225,-0.0006,0.0007,0.0292,0.00,-0.0031,-0.0031,-0.0031
13.150,1.9210,-0.0006,0.0006,0.0292,0.00,-0.0031,-0.0031,-0.0031
13.200,1.9196,-0.0006,0.0006,0.0292,0.00,-0.0031,-0.0031,-0.0031
13.250,1.9181,-0.0006,0.0006,0.0292,0.00,-0.0031,-0.0031,-0.0031
13.300,1.9167,-0.0006,0.0006,0.0292,0.00,-0.0030,-0.0030,-0.0030
13.350,1.9152,-0.0006,0.0006,0.0292,0.00,-0.0030,-0.0030,-0.0030
13.400,1.9137,-0.0006,0.0006,0.0292,0.00,-0.0030,-0.0030,-0.0030
13.450,1.9123,-0.0006,0.0006,0.0292,0.00,-0.0030,-0.0030,-0.0030
13.500,1.9108,-0.0006,0.0005,0.0292,0.00,-0.0030,-0.0030,-0.0030
13.550,1.9093,-0.0006,0.0005,0.0292,0.00,-0.0030,-0.0030,-0.0030
13.600,1.9079,-0.0006,0.0005,0.0292,0.00,-0.0030,-0.0030,-0.0030
13.650,1.9064,-0.0006,0.0005,0.0292,0.00,-0.0029,-0.0029,-0.0029
13.700,1.9050,-0.0006,0.0005,0.0292,0.00,-0.0029,-0.0029,-0.0029
13.750,1.9035,-0.0006,0.0005,0.0292,0.00,-0.0029,-0.0029,-0.0029
13.800,1.9020,-0.0006,0.0005,0.0292,0.00,-0.0029,-0.0029,-0.0029
13.850,1.9006,-0.0006,0.0005,0.0292,0.00,-0.0029,-0.0029,-0.0029
13.900,1.8991,-0.0006,0.0004,0.0292,0.00,-0.0029,-0.0029,-0.0029
13.950,1.8977,-0.0006,0.0004,0.0292,0.00,-0.0029,-0.0029,-0.0029
14.000,1.8962,-0.0006,0.0004,0.0292,0.00,-0.0029,-0.0028,-0.0029
14.050,1.8947,-0.0006,0.0004,0.0292,0.00,-0.0028,-0.0028,-0.0028
14.100,1.8933,-0.0006,0.0004,0.0292,0.00,-0.0028,-0.0028,-0.0028
14.150,1.8918,-0.0006,0.0004,0.0292,0.00,-0.0028,-0.0028,-0.0028
14.200,1.8903,-0.0006,0.0004,0.0292,0.00,-0.0028,-0.0028,-0.0028
14.250,1.8889,-0.0006,0.0004,0.0292,0.00,-0.0028,-0.0028,-0.0028
14.300,1.8874,-0.0006,0.0003,0.0292,0.00,-0.0028,-0.0028,-0.0028
14.350,1.8860,-0.0006,0.0003,0.0292,0.00,-0.0028,-0.0028,-0.0028
14.400,1.8845,-0.0006,0.0003,0.0292,0.00,-0.0027,-0.0027,-0.0028
14.450,1.8830,-0.0006,0.0003,0.0292,0.00,-0.0027,-0.0027,-0.0027
14.500,1.8816,-0.0006,0.0003,0.0292,0.00,-0.0027,-0.0027,-0.0027
14.550,1.8801,-0.0006,0.0003,0.0292,0.00,-0.0027,-0.0027,-0.0027
14.600,1.8786,-0.0006,0.0003,0.0292,0.00,-0.0027,-0.0027,-0.0027
14.650,1.8772,-0.0006,0.0003,0.0292,0.00,-0.0027,-0.0027,-0.0027
14.700,1.8757,-0.0006,0.0002,0.0292,0.00,-0.0027,-0.0027,-0.0027
14.750,1.8743,-0.0006,0.0002,0.0292,0.00,-0.0027,-0.0027,-0.0027
14.800,1.8728,-0.0006,0.0002,0.0292,0.00,-0.0026,-0.0026,-0.0027
14.850,1.8713,-0.0006,0.0002,0.0292,0.00,-0.0026,-0.0026,-0.0026
14.900,1.8699,-0.0006,0.0002,0.0292,0.00,-0.0026,-0.0026,-0.0026
14.950,1.8684,-0.0006,0.0002,0.0292,0.00,-0.0026,-0.0026,-0.0026
15.000,1.8669,-0.0006,0.0002,0.0292,0.00,-0.0026,-0.0026,-0.0026
15.050,1.8655,-0.0006,0.0002,0.0292,0.00,-0.0026,-0.0026,-0.0026
15.100,1.8640,-0.0006,0.0002,0.0292,0.00,-0.0026,-0.0026,-0.0026
15.150,1.8626,-0.0006,0.0001,0.0292,0.00,-0.0026,-0.0026,-0.0026
15.200,1.8611,-0.0006,0.0001,0.0292,0.00,-0.0026,-0.0026,-0.0026
15.250,1.8596,-0.0006,0.0001,0.0292,0.00,-0.0025,-0.0025,-0.0025
15.300,1.8582,-0.0006,0.0001,0.0292,0.00,-0.0025,-0.0025,-0.0025
15.350,1.8567,-0.0006,0.0001,0.0292,0.00,-0.0025,-0.0025,-0.0025
15.400,1.8553,-0.0006,0.0001,0.0292,0.00,-0.0025,-0.0025,-0.0025
15.450,1.8538,-0.0006,0.0001,0.0292,0.00,-0.0025,-0.0025,-0.0025
15.500,1.8523,-0.0006,0.0001,0.0292,0.00,-0.0025,-0.0025,-0.0025
15.550,1.8509,-0.0006,0.0001,0.0292,0.00,-0.0025,-0.0025,-0.0025
15.600,1.8494,-0.0006,0.0000,0.0292,0.00,-0.0025,-0.0025,-0.0025
15.650,1.8479,-0.0006,0.0000,0.0292,0.00,-0.0024,-0.0024,-0.0024
15.700,1.8465,-0.0006,0.0000,0.0292,0.00,-0.0024,-0.0024,-0.0024
15.750,1.8450,-0.0006,0.0000,0.0292,0.00,-0.0024,-0.0024,-0.0024
15.800,1.8436,-0.0006,-0.0000,0.0292,0.00,-0.0024,-0.0024,-0.0024
15.850,1.8421,-0.0006,-0.0000,0.0292,0.00,-0.0024,-0.0024,-0.0024
15.900,1.8406,-0.0006,-0.0000,0.0292,0.00,-0.0024,-0.0024,-0.0024
15.950,1.8392,-0.0006,-0.0000,0.0292,0.00,-0.0024,-0.0024,-0.0024
16.000,1.8377,-0.0006,-0.0001,0.0292,0.00,-0.0024,-0.0024,-0.0024
16.050,1.8362,-0.0006,-0.0001,0.0292,0.00,-0.0024,-0.0024,-0.0024
16.100,1.8348,-0.0006,-0.0001,0.0292,0.00,-0.0023,-0.0023,-0.0023
16.150,1.8333,-0.0006,-0.0001,0.0292,0.00,-0.0023,-0.0023,-0.0023
16.200,1.8319,-0.0006,-0.0001,0.0292,0.00,-0.0023,-0.0023,-0.0023
16.250,1.8304,-0.0006,-0.0001,0.0292,0.00,-0.0023,-0.0023,-0.0023
16.300,1.8289,-0.0006,-0.0001,0.0292,0.00,-0.0023,-0.0023,-0.0023
16.350,1.8275,-0.0006,-0.0001,0.0292,0.00,-0.0023,-0.0023,-0.0023
16.400,1.8260,-0.0006,-0.0001,0.0292,0.00,-0.0023,-0.0023,-0.0023
16.450,1.8245,-0.0006,-0.0002,0.0292,0.00,-0.0023,-0.0022,-0.0023
16.500,1.8231,-0.0006,-0.0002,0.0292,0.00,-0.0022,-0.0022,-0.0022
16.550,1.8216,-0.0006,-0.0002,0.0292,0.00,-0.0022,-0.0022,-0.0022
16.600,1.8202,-0.0006,-0.0002,0.0292,0.00,-0.0022,-0.0022,-0.0022
16.650,1.8187,-0.0006,-0.0002,0.0292,0.00,-0.0022,-0.0022,-0.0022
16.700,1.8172,-0.0006,-0.0002,0.0292,0.00,-0.0022,-0.0022,-0.0022
16.750,1.8158,-0.0006,-0.0002,0.0292,0.00,-0.0022,-0.0022,-0.0022
16.800,1.8143,-0.0006,-0.0002,0.0292,0.00,-0.0022,-0.0022,-0.0022
16.850,1.8128,-0.0006,-0.0002,0.0292,0.00,-0.0021,-0.0021,-0.0021
16.900,1.8114,-0.0006,-0.0003,0.0292,0.00,-0.0021,-0.0021,-0.0021
16.950,1.8099,-0.0006,-0.0003,0.0292,0.00,-0.0021,-0.0021,-0.0021
17.000,1.8085,-0.0006,-0.0003,0.0292,0.00,-0.0021,-0.0021,-0.0021
17.050,1.8070,-0.0006,-0.0003,0.0292,0.00,-0.0021,-0.0021,-0.0021
17.100,1.8055,-0.0006,-0.0003,0.0292,0.00,-0.0021,-0.0021,-0.0021
17.150,1.8041,-0.0006,-0.0003,0.0292,0.00,-0.0021,-0.0021,-0.0021
17.200,1.8026,-0.0006,-0.0003,0.0292,0.00,-0.0020,-0.0020,-0.0021
17.250,1.8011,-0.0006,-0.0003,0.0292,0.00,-0.0020,-0.0020,-0.0020
17.300,1.7997,-0.0006,-0.0003,0.0292,0.00,-0.0020,-0.0020,-0.0020
17.350,1.7982,-0.0006,-0.0004,0.0292,0.00,-0.0020,-0.0020,-0.0020
17.400,1.7968,-0.0006,-0.0004,0.0292,0.00,-0.0020,-0.0020,-0.0020
17.450,1.7953,-0.0006,-0.0004,0.0293,0.00,-0.0020,-0.0020,-0.0020
17.500,1.7938,-0.0006,-0.0004,0.0293,0.00,-0.0020,-0.0020,-0.0020
17.550,1.7924,-0.0006,-0.0004,0.0293,0.00,-0.0020,-0.0020,-0.0020
17.600,1.7909,-0.0006,-0.0004,0.0293,0.00,-0.0019,-0.0019,-0.0019
17.650,1.7894,-0.0006,-0.0004,0.0293,0.00,-0.0019,-0.0019,-0.0019
17.700,1.7880,-0.0006,-0.0004,0.0293,0.00,-0.0019,-0.0019,-0.0019
17.750,1.7865,-0.0006,-0.0004,0.0293,0.00,-0.0019,-0.0019,-0.0019
17.800,1.7851,-0.0006,-0.0005,0.0293,0.00,-0.0019,-0.0019,-0.0019
17.850,1.7836,-0.0006,-0.0005,0.0293,0.00,-0.0019,-0.0019,-0.0019
17.900,1.7821,-0.0006,-0.0005,0.0293,0.00,-0.0019,-0.0019,-0.0019
17.950,1.7807,-0.0006,-0.0005,0.0293,0.00,-0.0018,-0.0018,-0.0018
18.000,1.7792,-0.0006,-0.0005,0.0293,0.00,-0.0018,-0.0018,-0.0018
18.050,1.7777,-0.0006,-0.0005,0.0293,0.00,-0.0018,-0.0018,-0.0018
18.100,1.7763,-0.0006,-0.0005,0.0293,0.00,-0.0018,-0.0018,-0.0018
18.150,1.7748,-0.0006,-0.0005,0.0293,0.00,-0.0018,-0.0018,-0.0018
18.200,1.7734,-0.0006,-0.0005,0.0293,0.00,-0.0018,-0.0018,-0.0018
18.250,1.7719,-0.0006,-0.0006,0.0293,0.00,-0.0018,-0.0018,-0.0018
18.300,1.7704,-0.0006,-0.0006,0.0293,0.00,-0.0017,-0.0017,-0.0017
18.350,1.7690,-0.0006,-0.0006,0.0293,0.00,-0.0017,-0.0017,-0.0017
18.400,1.7675,-0.0006,-0.0006,0.0293,0.00,-0.0017,-0.0017,-0.0017
18.450,1.7660,-0.0006,-0.0006,0.0293,0.00,-0.0017,-0.0017,-0.0017
18.500,1.7646,-0.0006,-0.0006,0.0293,0.00,-0.0017,-0.0017,-0.0017
18.550,1.7631,-0.0006,-0.0006,0.0293,0.00,-0.0017,-0.0017,-0.0017
18.600,1.7617,-0.0006,-0.0006,0.0293,0.00,-0.0017,-0.0017,-0.0017
18.650,1.7602,-0.0006,-0.0006,0.0293,0.00,-0.0016,-0.0016,-0.0016
18.700,1.7587,-0.0006,-0.0007,0.0293,0.00,-0.0016,-0.0016,-0.0016
18.750,1.7573,-0.0006,-0.0007,0.0293,0.00,-0.0016,-0.0016,-0.0016
18.800,1.7558,-0.0006,-0.0007,0.0293,0.00,-0.0016,-0.0016,-0.0016
18.850,1.7543,-0.0006,-0.0007,0.0293,0.00,-0.0016,-0.0016,-0.0016
18.900,1.7529,-0.0006,-0.0007,0.0293,0.00,-0.0016,-0.0016,-0.0016
18.950,1.7514,-0.0006,-0.0007,0.0293,0.00,-0.0016,-0.0016,-0.0016
19.000,1.7500,-0.0006,-0.0007,0.0293,0.00,-0.0015,-0.0015,-0.0015
19.050,1.7485,-0.0006,-0.0007,0.0293,0.00,-0.0015,-0.0015,-0.0015
19.100,1.7470,-0.0006,-0.0007,0.0293,0.00,-0.0015,-0.0015,-0.0015
19.150,1.7456,-0.0006,-0.0007,0.0293,0.00,-0.0015,-0.0015,-0.0015
19.200,1.7441,-0.0006,-0.0008,0.0293,0.00,-0.0015,-0.0015,-0.0015
19.250,1.7426,-0.0006,-0.0008,0.0293,0.00,-0.0015,-0.0015,-0.0015
19.300,1.7412,-0.0006,-0.0008,0.0293,0.00,-0.0015,-0.0015,-0.0015
19.350,1.7397,-0.0006,-0.0008,0.0293,0.00,-0.0014,-0.0014,-0.0014
19.400,1.7383,-0.0006,-0.0008,0.0293,0.00,-0.0014,-0.0014,-0.0014
19.450,1.7368,-0.0006,-0.0008,0.0293,0.00,-0.0014,-0.0014,-0.0014
19.500,1.7353,-0.0006,-0.0008,0.0293,0.00,-0.0014,-0.0014,-0.0014
19.550,1.7339,-0.0006,-0.0008,0.0293,0.00,-0.0014,-0.0014,-0.0014
19.600,1.7324,-0.0006,-0.0008,0.0293,0.00,-0.0014,-0.0014,-0.0014
19.650,1.7309,-0.0006,-0.0008,0.0293,0.00,-0.0014,-0.0014,-0.0014
19.700,1.7295,-0.0006,-0.0009,0.0293,0.00,-0.0013,-0.0013,-0.0013
19.750,1.7280,-0.0005,-0.0009,0.0293,0.00,-0.0013,-0.0013,-0.0013
19.800,1.7266,-0.0005,-0.0009,0.0293,0.00,-0.0013,-0.0013,-0.0013
19.850,1.7251,-0.0005,-0.0009,0.0293,0.00,-0.0013,-0.0013,-0.0013
19.900,1.7236,-0.0005,-0.0009,0.0293,0.00,-0.0013,-0.0013,-0.0013
19.950,1.7222,-0.0005,-0.0009,0.0293,0.00,-0.0013,-0.0013,-0.0013
20.000,1.7207,-0.0005,-0.0009,0.0293,0.00,-0.0013,-0.0013,-0.0013
20.050,1.7192,-0.0005,-0.0009,0.0293,0.00,-0.0013,-0.0013,-0.0013
20.100,1.7178,-0.0005,-0.0009,0.0293,0.00,-0.0012,-0.0012,-0.0012
20.150,1.7163,-0.0005,-0.0009,0.0293,0.00,-0.0012,-0.0012,-0.0012
20.200,1.7149,-0.0005,-0.0009,0.0293,0.00,-0.0012,-0.0012,-0.0012
20.250,1.7134,-0.0005,-0.0009,0.0293,0.00,-0.0012,-0.0012,-0.0012
20.300,1.7119,-0.0005,-0.0010,0.0293,0.00,-0.0012,-0.0012,-0.0012
20.350,1.7105,-0.0005,-0.0010,0.0293,0.00,-0.0012,-0.0012,-0.0012
20.400,1.7090,-0.0005,-0.0010,0.0293,0.00,-0.0012,-0.0012,-0.0012
20.450,1.7075,-0.0005,-0.0010,0.0293,0.00,-0.0011,-0.0011,-0.0011
20.500,1.7061,-0.0005,-0.0010,0.0293,0.00,-0.0011,-0.0011,-0.0011
20.550,1.7046,-0.0005,-0.0010,0.0293,0.00,-0.0011,-0.0011,-0.0011
20.600,1.7032,-0.0005,-0.0010,0.0293,0.00,-0.0011,-0.0011,-0.0011
20.650,1.7017,-0.0005,-0.0010,0.0293,0.00,-0.0011,-0.0011,-0.0011
20.700,1.7002,-0.0005,-0.0010,0.0293,0.00,-0.0011,-0.0011,-0.0011
20.750,1.6988,-0.0005,-0.0010,0.0293,0.00,-0.0011,-0.0011,-0.0011
20.800,1.6973,-0.0005,-0.0010,0.0293,0.00,-0.0011,-0.0011,-0.0011
20.850,1.6958,-0.0005,-0.0010,0.0293,0.00,-0.0010,-0.0010,-0.0010
20.900,1.6944,-0.0005,-0.0011,0.0293,0.00,-0.0010,-0.0010,-0.0010
20.950,1.6929,-0.0005,-0.0011,0.0293,0.00,-0.0010,-0.0010,-0.0010
21.000,1.6914,-0.0005,-0.0011,0.0293,0.00,-0.0010,-0.0010,-0.0010
21.050,1.6900,-0.0005,-0.0011,0.0293,0.00,-0.0010,-0.0010,-0.0010
21.100,1.6885,-0.0005,-0.0011,0.0293,0.00,-0.0010,-0.0010,-0.0010
21.150,1.6871,-0.0005,-0.0011,0.0293,0.00,-0.0010,-0.0010,-0.0010
21.200,1.6856,-0.0005,-0.0011,0.0293,0.00,-0.0010,-0.0010,-0.0010
21.250,1.6841,-0.0005,-0.0011,0.0293,0.00,-0.0009,-0.0009,-0.0009
21.300,1.6827,-0.0005,-0.0011,0.0293,0.00,-0.0009,-0.0009,-0.0009
21.350,1.6812,-0.0005,-0.0011,0.0293,0.00,-0.0009,-0.0009,-0.0009
21.400,1.6797,-0.0005,-0.0011,0.0293,0.00,-0.0009,-0.0009,-0.0009
21.450,1.6783,-0.0005,-0.0011,0.0293,0.00,-0.0009,-0.0009,-0.0009
21.500,1.6768,-0.0005,-0.0011,0.0293,0.00,-0.0009,-0.0009,-0.0009
21.550,1.6754,-0.0005,-0.0012,0.0293,0.00,-0.0009,-0.0009,-0.0009
21.600,1.6739,-0.0005,-0.0012,0.0293,0.00,-0.0009,-0.0009,-0.0009
21.650,1.6724,-0.0005,-0.0012,0.0293,0.00,-0.0008,-0.0008,-0.0008
21.700,1.6710,-0.0005,-0.0012,0.0293,0.00,-0.0008,-0.0008,-0.0008
21.750,1.6695,-0.0005,-0.0012,0.0293,0.00,-0.0008,-0.0008,-0.0008
21.800,1.6680,-0.0005,-0.0012,0.0293,0.00,-0.0008,-0.0008,-0.0008
21.850,1.6666,-0.0005,-0.0012,0.0293,0.00,-0.0008,-0.0008,-0.0008
21.900,1.6651,-0.0005,-0.0012,0.0293,0.00,-0.0008,-0.0008,-0.0008
21.950,1.6637,-0.0005,-0.0012,0.0293,0.00,-0.0008,-0.0008,-0.0008
22.000,1.6622,-0.0005,-0.0012,0.0293,0.20,-0.5236,-0.4715,-0.5871
22.050,1.6607,-0.0004,0.0029,0.0304,0.20,-0.5236,-0.4715,-0.5871
22.100,1.6591,-0.0005,0.0117,0.0316,0.20,-0.5236,-0.4715,-0.5871
22.150,1.6573,-0.0008,0.0223,0.0360,0.20,-0.5236,-0.4715,-0.5871
22.200,1.6551,-0.0011,0.0353,0.0447,0.20,-0.5236,-0.4715,-0.5871
22.250,1.6524,-0.0010,0.0449,0.0545,0.20,-0.5236,-0.4715,-0.5871
22.300,1.6496,-0.0005,0.0482,0.0568,0.20,-0.5236,-0.4715,-0.5871
22.350,1.6472,0.0002,0.0424,0.0504,0.20,-0.5236,-0.4715,-0.5871
22.400,1.6451,0.0007,0.0353,0.0427,0.20,-0.5236,-0.4715,-0.5871
22.450,1.6433,0.0012,0.0284,0.0380,0.20,-0.5236,-0.4715,-0.5871
22.500,1.6415,0.0016,0.0218,0.0356,0.20,-0.5236,-0.4715,-0.5871
22.550,1.6399,0.0021,0.0156,0.0341,0.20,-0.5236,-0.4715,-0.5871
22.600,1.6383,0.0025,0.0098,0.0330,0.20,-0.5236,-0.4715,-0.5871
22.650,1.6368,0.0030,0.0045,0.0321,0.20,-0.5236,-0.4715,-0.5871
22.700,1.6353,0.0034,-0.0005,0.0314,0.20,-0.5236,-0.4715,-0.5871
22.750,1.6338,0.0038,-0.0051,0.0308,0.20,-0.5236,-0.4715,-0.5871
22.800,1.6323,0.0042,-0.0094,0.0302,0.20,-0.5236,-0.4715,-0.5871
22.850,1.6309,0.0047,-0.0135,0.0298,0.20,-0.5236,-0.4715,-0.5871
22.900,1.6295,0.0051,-0.0175,0.0293,0.20,-0.5236,-0.4715,-0.5871
22.950,1.6281,0.0055,-0.0216,0.0290,0.20,-0.5236,-0.4715,-0.5871
23.000,1.6267,0.0060,-0.0259,0.0288,0.20,-0.5236,-0.4715,-0.5871
23.050,1.6254,0.0064,-0.0301,0.0288,0.20,-0.5236,-0.4715,-0.5871
23.100,1.6240,0.0068,-0.0342,0.0288,0.20,-0.5236,-0.4715,-0.5871
23.150,1.6226,0.0073,-0.0383,0.0288,0.20,-0.5236,-0.4715,-0.5871
23.200,1.6212,0.0077,-0.0422,0.0291,0.20,-0.5236,-0.4715,-0.5871
23.250,1.6199,0.0082,-0.0460,0.0290,0.20,-0.5236,-0.4715,-0.5871
23.300,1.6185,0.0086,-0.0498,0.0290,0.20,-0.5236,-0.4715,-0.5871
23.350,1.6171,0.0091,-0.0537,0.0290,0.20,-0.5236,-0.4715,-0.5871
23.400,1.6157,0.0096,-0.0575,0.0290,0.20,-0.5236,-0.4715,-0.5871
23.450,1.6144,0.0101,-0.0613,0.0290,0.20,-0.5236,-0.4715,-0.5871
23.500,1.6130,0.0106,-0.0651,0.0290,0.20,-0.5236,-0.4715,-0.5871
23.550,1.6116,0.0111,-0.0689,0.0290,0.20,-0.5236,-0.4715,-0.5871
23.600,1.6103,0.0116,-0.0727,0.0290,0.20,-0.5236,-0.4715,-0.5871
23.650,1.6089,0.0121,-0.0766,0.0290,0.20,-0.5236,-0.4715,-0.5871
23.700,1.6076,0.0126,-0.0804,0.0290,0.20,-0.5236,-0.4715,-0.5871
23.750,1.6062,0.0131,-0.0842,0.0290,0.20,-0.5236,-0.4715,-0.5871
23.800,1.6048,0.0136,-0.0880,0.0290,0.20,-0.5236,-0.4715,-0.5871
23.850,1.6035,0.0141,-0.0918,0.0290,0.20,-0.5236,-0.4715,-0.5871
23.900,1.6021,0.0146,-0.0957,0.0290,0.20,-0.5187,-0.4675,-0.5811
23.950,1.6009,0.0151,-0.1001,0.0276,0.20,-0.5213,-0.4696,-0.5843
24.000,1.5995,0.0157,-0.1039,0.0293,0.20,-0.5058,-0.4568,-0.5653
24.050,1.5983,0.0161,-0.1093,0.0250,0.20,-0.5236,-0.4715,-0.5871
24.100,1.5968,0.0168,-0.1124,0.0329,0.20,-0.4744,-0.4307,-0.5271
24.150,1.5958,0.0171,-0.1195,0.0208,0.20,-0.5236,-0.4715,-0.5871
24.200,1.5945,0.0177,-0.1231,0.0295,0.20,-0.4802,-0.4355,-0.5341
24.250,1.5933,0.0182,-0.1287,0.0255,0.20,-0.4976,-0.4500,-0.5553
24.300,1.5918,0.0188,-0.1325,0.0321,0.20,-0.4535,-0.4132,-0.5018
24.350,1.5908,0.0192,-0.1395,0.0214,0.20,-0.5109,-0.4610,-0.5716
24.400,1.5894,0.0198,-0.1428,0.0314,0.20,-0.4446,-0.4057,-0.4911
24.450,1.5883,0.0203,-0.1489,0.0240,0.20,-0.4820,-0.4370,-0.5363
24.500,1.5868,0.0209,-0.1524,0.0317,0.20,-0.4305,-0.3938,-0.4742
24.550,1.5857,0.0214,-0.1588,0.0245,0.20,-0.4659,-0.4235,-0.5167
24.600,1.5843,0.0220,-0.1625,0.0301,0.20,-0.4269,-0.3908,-0.4699
24.650,1.5832,0.0224,-0.1684,0.0248,0.20,-0.4517,-0.4116,-0.4996
24.700,1.5817,0.0231,-0.1717,0.0316,0.20,-0.4058,-0.3728,-0.4447
24.750,1.5807,0.0235,-0.1782,0.0223,0.20,-0.4548,-0.4143,-0.5034
24.800,1.5793,0.0242,-0.1811,0.0311,0.20,-0.3966,-0.3650,-0.4338
24.850,1.5781,0.0246,-0.1868,0.0245,0.20,-0.4289,-0.3924,-0.4723
24.900,1.5767,0.0253,-0.1901,0.0311,0.20,-0.3846,-0.3548,-0.4197
24.950,1.5756,0.0257,-0.1964,0.0248,0.20,-0.4147,-0.3804,-0.4553
25.000,1.5742,0.0264,-0.1993,0.0300,0.20,-0.3790,-0.3499,-0.4131
25.050,1.5730,0.0268,-0.2048,0.0252,0.20,-0.4010,-0.3688,-0.4391
25.100,1.5716,0.0275,-0.2077,0.0318,0.20,-0.3572,-0.3312,-0.3875
25.150,1.5706,0.0279,-0.2137,0.0220,0.20,-0.4094,-0.3759,-0.4490
25.200,1.5691,0.0286,-0.2161,0.0321,0.20,-0.3447,-0.3203,-0.3729
25.250,1.5680,0.0290,-0.2214,0.0244,0.20,-0.3829,-0.3533,-0.4176
25.300,1.5666,0.0297,-0.2245,0.0310,0.20,-0.3392,-0.3156,-0.3666
25.350,1.5654,0.0301,-0.2297,0.0247,0.20,-0.3698,-0.3420,-0.4022
25.400,1.5639,0.0308,-0.2324,0.0324,0.20,-0.3207,-0.2994,-0.3451
25.450,1.5629,0.0313,-0.2381,0.0230,0.20,-0.3694,-0.3417,-0.4018
25.500,1.5615,0.0319,-0.2405,0.0316,0.20,-0.3139,-0.2934,-0.3373
25.550,1.5603,0.0324,-0.2454,0.0250,0.20,-0.3463,-0.3217,-0.3748
25.600,1.5588,0.0331,-0.2479,0.0321,0.20,-0.3008,-0.2819,-0.3224
25.650,1.5578,0.0336,-0.2532,0.0235,0.20,-0.3445,-0.3201,-0.3727
25.700,1.5563,0.0342,-0.2553,0.0327,0.20,-0.2870,-0.2697,-0.3066
25.750,1.5551,0.0347,-0.2601,0.0255,0.20,-0.3222,-0.3007,-0.3469
25.800,1.5537,0.0354,-0.2627,0.0308,0.20,-0.2870,-0.2697,-0.3065
25.850,1.5526,0.0359,-0.2674,0.0244,0.20,-0.3180,-0.2971,-0.3421
25.900,1.5511,0.0366,-0.2690,0.0340,0.20,-0.2601,-0.2457,-0.2761
25.950,1.5500,0.0370,-0.2744,0.0229,0.20,-0.3170,-0.2961,-0.3409
26.000,1.5487,0.0377,-0.2768,0.0299,0.20,-0.2716,-0.2561,-0.2892
26.050,1.5474,0.0382,-0.2804,0.0268,0.20,-0.2842,-0.2672,-0.3034
26.100,1.5461,0.0389,-0.2827,0.0296,0.20,-0.2640,-0.2493,-0.2806
26.150,1.5449,0.0394,-0.2868,0.0272,0.20,-0.2722,-0.2566,-0.2898
26.200,1.5436,0.0401,-0.2890,0.0291,0.20,-0.2574,-0.2433,-0.2731
26.250,1.5423,0.0406,-0.2926,0.0273,0.20,-0.2622,-0.2476,-0.2785
26.300,1.5410,0.0413,-0.2949,0.0289,0.20,-0.2492,-0.2360,-0.2640
26.350,1.5398,0.0418,-0.2983,0.0275,0.20,-0.2523,-0.2388,-0.2674
26.400,1.5385,0.0424,-0.3006,0.0287,0.20,-0.2415,-0.2290,-0.2553
26.450,1.5372,0.0430,-0.3038,0.0278,0.20,-0.2416,-0.2291,-0.2554
26.500,1.5359,0.0436,-0.3062,0.0283,0.20,-0.2345,-0.2228,-0.2476
26.550,1.5346,0.0442,-0.3091,0.0282,0.20,-0.2308,-0.2194,-0.2434
26.600,1.5334,0.0448,-0.3118,0.0284,0.20,-0.2252,-0.2143,-0.2372
26.650,1.5321,0.0454,-0.3145,0.0281,0.20,-0.2222,-0.2116,-0.2339
26.700,1.5308,0.0460,-0.3170,0.0283,0.20,-0.2168,-0.2067,-0.2280
26.750,1.5295,0.0466,-0.3196,0.0283,0.20,-0.2127,-0.2030,-0.2234
26.800,1.5282,0.0472,-0.3221,0.0283,0.20,-0.2083,-0.1989,-0.2186
26.850,1.5269,0.0478,-0.3246,0.0284,0.20,-0.2040,-0.1950,-0.2138
26.900,1.5257,0.0484,-0.3270,0.0284,0.20,-0.1997,-0.1911,-0.2091
26.950,1.5244,0.0490,-0.3294,0.0284,0.20,-0.1954,-0.1872,-0.2045
27.000,1.5231,0.0496,-0.3318,0.0284,0.20,-0.1912,-0.1833,-0.1999
27.050,1.5218,0.0502,-0.3341,0.0285,0.20,-0.1871,-0.1795,-0.1954
27.100,1.5205,0.0508,-0.3363,0.0285,0.20,-0.1830,-0.1757,-0.1909
27.150,1.5192,0.0514,-0.3386,0.0285,0.20,-0.1790,-0.1720,-0.1865
27.200,1.5179,0.0520,-0.3408,0.0285,0.20,-0.1748,-0.1682,-0.1820
27.250,1.5166,0.0526,-0.3429,0.0285,0.20,-0.1709,-0.1645,-0.1777
27.300,1.5153,0.0532,-0.3450,0.0286,0.20,-0.1669,-0.1608,-0.1735
27.350,1.5140,0.0538,-0.3471,0.0286,0.20,-0.1630,-0.1572,-0.1692
27.400,1.5127,0.0544,-0.3491,0.0286,0.20,-0.1591,-0.1535,-0.1651
27.450,1.5114,0.0550,-0.3511,0.0286,0.20,-0.1553,-0.1500,-0.1609
27.500,1.5101,0.0556,-0.3530,0.0286,0.20,-0.1515,-0.1464,-0.1569
27.550,1.5088,0.0562,-0.3549,0.0287,0.20,-0.1477,-0.1429,-0.1528
27.600,1.5075,0.0568,-0.3568,0.0287,0.20,-0.1440,-0.1394,-0.1488
27.650,1.5062,0.0574,-0.3586,0.0287,0.20,-0.1403,-0.1359,-0.1449
27.700,1.5049,0.0580,-0.3604,0.0287,0.20,-0.1366,-0.1325,-0.1410
27.750,1.5036,0.0586,-0.3621,0.0287,0.20,-0.1330,-0.1291,-0.1372
27.800,1.5023,0.0592,-0.3638,0.0287,0.20,-0.1295,-0.1258,-0.1334
27.850,1.5010,0.0598,-0.3655,0.0288,0.20,-0.1260,-0.1224,-0.1297
27.900,1.4997,0.0604,-0.3671,0.0288,0.20,-0.1225,-0.1191,-0.1260
27.950,1.4984,0.0610,-0.3687,0.0288,0.20,-0.1190,-0.1159,-0.1223
28.000,1.4971,0.0616,-0.3702,0.0288,0.20,-0.1156,-0.1126,-0.1187
28.050,1.4958,0.0622,-0.3717,0.0288,0.20,-0.1122,-0.1094,-0.1152
28.100,1.4945,0.0628,-0.3732,0.0288,0.20,-0.1089,-0.1063,-0.1117
28.150,1.4932,0.0634,-0.3746,0.0288,0.20,-0.1056,-0.1031,-0.1082
28.200,1.4918,0.0640,-0.3760,0.0289,0.20,-0.1023,-0.1000,-0.1048
28.250,1.4905,0.0646,-0.3774,0.0289,0.20,-0.0991,-0.0969,-0.1014
28.300,1.4892,0.0653,-0.3787,0.0289,0.20,-0.0959,-0.0939,-0.0981
28.350,1.4879,0.0659,-0.3800,0.0289,0.20,-0.0927,-0.0908,-0.0948
28.400,1.4866,0.0665,-0.3812,0.0289,0.20,-0.0896,-0.0878,-0.0915
28.450,1.4853,0.0671,-0.3825,0.0289,0.20,-0.0865,-0.0849,-0.0883
28.500,1.4840,0.0677,-0.3836,0.0289,0.20,-0.0835,-0.0819,-0.0851
28.550,1.4827,0.0683,-0.3848,0.0289,0.20,-0.0804,-0.0790,-0.0820
28.600,1.4813,0.0689,-0.3859,0.0289,0.20,-0.0775,-0.0761,-0.0789
28.650,1.4800,0.0695,-0.3870,0.0289,0.20,-0.0745,-0.0733,-0.0758
28.700,1.4787,0.0701,-0.3880,0.0290,0.20,-0.0716,-0.0704,-0.0728
28.750,1.4774,0.0707,-0.3891,0.0290,0.20,-0.0687,-0.0676,-0.0698
28.800,1.4761,0.0713,-0.3901,0.0290,0.20,-0.0658,-0.0649,-0.0668
28.850,1.4747,0.0718,-0.3910,0.0290,0.20,-0.0630,-0.0621,-0.0639
28.900,1.4734,0.0724,-0.3919,0.0290,0.20,-0.0602,-0.0594,-0.0610
28.950,1.4721,0.0730,-0.3928,0.0290,0.20,-0.0574,-0.0567,-0.0582
29.000,1.4708,0.0736,-0.3937,0.0290,0.20,-0.0547,-0.0540,-0.0554
29.050,1.4695,0.0742,-0.3945,0.0290,0.20,-0.0520,-0.0514,-0.0526
29.100,1.4681,0.0748,-0.3953,0.0290,0.20,-0.0493,-0.0488,-0.0499
29.150,1.4668,0.0754,-0.3961,0.0290,0.20,-0.0467,-0.0462,-0.0472
29.200,1.4655,0.0760,-0.3969,0.0290,0.20,-0.0441,-0.0436,-0.0445
29.250,1.4642,0.0766,-0.3976,0.0290,0.20,-0.0415,-0.0411,-0.0419
29.300,1.4628,0.0772,-0.3983,0.0290,0.20,-0.0389,-0.0386,-0.0393
29.350,1.4615,0.0778,-0.3989,0.0290,0.20,-0.0364,-0.0361,-0.0367
29.400,1.4602,0.0784,-0.3995,0.0290,0.20,-0.0339,-0.0337,-0.0342
29.450,1.4589,0.0790,-0.4001,0.0290,0.20,-0.0315,-0.0312,-0.0317
29.500,1.4575,0.0796,-0.4007,0.0291,0.20,-0.0290,-0.0288,-0.0292
29.550,1.4562,0.0801,-0.4013,0.0291,0.20,-0.0266,-0.0264,-0.0268
29.600,1.4549,0.0807,-0.4018,0.0291,0.20,-0.0242,-0.0241,-0.0244
29.650,1.4535,0.0813,-0.4023,0.0291,0.20,-0.0219,-0.0218,-0.0220
29.700,1.4522,0.0819,-0.4027,0.0291,0.20,-0.0195,-0.0195,-0.0196
29.750,1.4509,0.0825,-0.4032,0.0291,0.20,-0.0172,-0.0172,-0.0173
29.800,1.4495,0.0831,-0.4036,0.0291,0.20,-0.0150,-0.0149,-0.0150
29.850,1.4482,0.0836,-0.4040,0.0291,0.20,-0.0127,-0.0127,-0.0128
29.900,1.4469,0.0842,-0.4044,0.0291,0.20,-0.0105,-0.0105,-0.0105
29.950,1.4455,0.0848,-0.4047,0.0291,0.20,-0.0083,-0.0083,-0.0083
30.000,1.4442,0.0854,-0.4050,0.0291,0.20,-0.0061,-0.0061,-0.0061
30.050,1.4429,0.0860,-0.4053,0.0291,0.20,-0.0040,-0.0040,-0.0040
30.100,1.4415,0.0865,-0.4056,0.0291,0.20,-0.0019,-0.0019,-0.0019
30.150,1.4402,0.0871,-0.4058,0.0291,0.20,0.0002,0.0002,0.0002
30.200,1.4389,0.0877,-0.4060,0.0291,0.20,0.0023,0.0023,0.0023
30.250,1.4375,0.0883,-0.4062,0.0291,0.20,0.0043,0.0043,0.0043
30.300,1.4362,0.0888,-0.4064,0.0291,0.20,0.0063,0.0064,0.0063
30.350,1.4348,0.0894,-0.4066,0.0291,0.20,0.0083,0.0084,0.0083
30.400,1.4335,0.0900,-0.4067,0.0291,0.20,0.0103,0.0103,0.0103
30.450,1.4322,0.0905,-0.4068,0.0291,0.20,0.0123,0.0123,0.0122
30.500,1.4308,0.0911,-0.4069,0.0291,0.20,0.0142,0.0142,0.0141
30.550,1.4295,0.0917,-0.4069,0.0291,0.20,0.0161,0.0161,0.0160
30.600,1.4281,0.0922,-0.4070,0.0291,0.20,0.0180,0.0180,0.0179
30.650,1.4268,0.0928,-0.4070,0.0291,0.20,0.0198,0.0199,0.0197
30.700,1.4255,0.0933,-0.4070,0.0291,0.20,0.0216,0.0217,0.0215
30.750,1.4241,0.0939,-0.4070,0.0291,0.20,0.0234,0.0236,0.0233
30.800,1.4228,0.0945,-0.4069,0.0291,0.20,0.0252,0.0254,0.0251
30.850,1.4214,0.0950,-0.4069,0.0291,0.20,0.0270,0.0272,0.0268
30.900,1.4201,0.0956,-0.4068,0.0291,0.20,0.0287,0.0289,0.0285
30.950,1.4187,0.0961,-0.4067,0.0291,0.20,0.0305,0.0307,0.0302
31.000,1.4174,0.0967,-0.4066,0.0291,0.20,0.0322,0.0324,0.0319
31.050,1.4160,0.0972,-0.4064,0.0291,0.20,0.0338,0.0341,0.0336
31.100,1.4147,0.0978,-0.4063,0.0291,0.20,0.0355,0.0358,0.0352
31.150,1.4134,0.0983,-0.4061,0.0291,0.20,0.0371,0.0374,0.0368
31.200,1.4120,0.0989,-0.4059,0.0291,0.20,0.0387,0.0391,0.0384
31.250,1.4107,0.0994,-0.4057,0.0291,0.20,0.0403,0.0407,0.0399
31.300,1.4093,0.1000,-0.4055,0.0291,0.20,0.0419,0.0423,0.0415
31.350,1.4080,0.1005,-0.4052,0.0291,0.20,0.0434,0.0439,0.0430
31.400,1.4066,0.1011,-0.4049,0.0291,0.20,0.0450,0.0454,0.0445
31.450,1.4053,0.1016,-0.4047,0.0291,0.20,0.0466,0.0471,0.0461
31.500,1.4039,0.1021,-0.4045,0.0292,0.20,0.0486,0.0492,0.0481
31.550,1.4025,0.1027,-0.4043,0.0293,0.20,0.0504,0.0510,0.0498
31.600,1.4012,0.1032,-0.4041,0.0293,0.20,0.0521,0.0527,0.0514
31.650,1.3998,0.1038,-0.4039,0.0293,0.20,0.0538,0.0544,0.0531
31.700,1.3985,0.1043,-0.4038,0.0293,0.20,0.0555,0.0563,0.0548
31.750,1.3971,0.1049,-0.4037,0.0293,0.20,0.0574,0.0582,0.0567
31.800,1.3957,0.1055,-0.4038,0.0296,0.20,0.0603,0.0612,0.0595
31.850,1.3944,0.1060,-0.4042,0.0295,0.20,0.0627,0.0636,0.0618
31.900,1.3930,0.1066,-0.4047,0.0295,0.20,0.0650,0.0659,0.0640
31.950,1.3917,0.1072,-0.4051,0.0295,0.20,0.0672,0.0682,0.0662
32.000,1.3903,0.1078,-0.4055,0.0295,0.20,0.0694,0.0705,0.0683
32.050,1.3889,0.1083,-0.4058,0.0295,0.20,0.0717,0.0729,0.0706
32.100,1.3876,0.1089,-0.4062,0.0295,0.20,0.0742,0.0755,0.0730
32.150,1.3862,0.1095,-0.4066,0.0296,0.20,0.0767,0.0781,0.0754
32.200,1.3849,0.1100,-0.4070,0.0296,0.20,0.0791,0.0806,0.0777
32.250,1.3835,0.1106,-0.4074,0.0296,0.20,0.0815,0.0830,0.0800
32.300,1.3821,0.1112,-0.4078,0.0296,0.20,0.0837,0.0854,0.0822
32.350,1.3808,0.1118,-0.4081,0.0296,0.20,0.0860,0.0877,0.0843
32.400,1.3794,0.1123,-0.4085,0.0296,0.20,0.0882,0.0900,0.0864
32.450,1.3780,0.1129,-0.4087,0.0296,0.20,0.0904,0.0923,0.0886
32.500,1.3767,0.1135,-0.4090,0.0296,0.20,0.0926,0.0946,0.0907
32.550,1.3753,0.1140,-0.4093,0.0295,0.20,0.0947,0.0968,0.0927
32.600,1.3739,0.1146,-0.4095,0.0295,0.20,0.0969,0.0991,0.0948
32.650,1.3726,0.1152,-0.4097,0.0295,0.20,0.0990,0.1013,0.0969
32.700,1.3712,0.1157,-0.4100,0.0295,0.20,0.1012,0.1036,0.0989
32.750,1.3698,0.1163,-0.4102,0.0295,0.20,0.1033,0.1058,0.1009
32.800,1.3685,0.1168,-0.4103,0.0295,0.20,0.1054,0.1080,0.1029
32.850,1.3671,0.1174,-0.4105,0.0295,0.20,0.1074,0.1101,0.1049
32.900,1.3658,0.1180,-0.4106,0.0295,0.20,0.1095,0.1123,0.1068
32.950,1.3644,0.1185,-0.4108,0.0295,0.20,0.1115,0.1144,0.1088
33.000,1.3630,0.1191,-0.4109,0.0295,0.20,0.1136,0.1166,0.1107
33.050,1.3617,0.1196,-0.4110,0.0295,0.20,0.1156,0.1187,0.1126
33.100,1.3603,0.1202,-0.4111,0.0295,0.20,0.1175,0.1208,0.1145
33.150,1.3589,0.1207,-0.4112,0.0295,0.20,0.1195,0.1229,0.1164
33.200,1.3576,0.1213,-0.4112,0.0295,0.20,0.1215,0.1249,0.1182
33.250,1.3562,0.1219,-0.4113,0.0295,0.20,0.1234,0.1270,0.1200
33.300,1.3548,0.1224,-0.4113,0.0295,0.20,0.1253,0.1290,0.1219
33.350,1.3535,0.1230,-0.4113,0.0295,0.20,0.1273,0.1311,0.1237
33.400,1.3521,0.1235,-0.4113,0.0295,0.20,0.1291,0.1331,0.1255
33.450,1.3507,0.1240,-0.4113,0.0295,0.20,0.1310,0.1351,0.1272
33.500,1.3494,0.1246,-0.4112,0.0295,0.20,0.1329,0.1370,0.1290
33.550,1.3480,0.1251,-0.4112,0.0295,0.20,0.1347,0.1390,0.1307
33.600,1.3466,0.1257,-0.4112,0.0294,0.20,0.1366,0.1410,0.1324
33.650,1.3452,0.1262,-0.4111,0.0294,0.20,0.1384,0.1429,0.1342
33.700,1.3439,0.1268,-0.4110,0.0294,0.20,0.1402,0.1448,0.1359
33.750,1.3425,0.1273,-0.4109,0.0294,0.20,0.1420,0.1467,0.1375
33.800,1.3411,0.1278,-0.4108,0.0294,0.20,0.1438,0.1486,0.1392
33.850,1.3398,0.1284,-0.4107,0.0294,0.20,0.1455,0.1505,0.1409
33.900,1.3384,0.1289,-0.4106,0.0294,0.20,0.1473,0.1524,0.1425
33.950,1.3370,0.1295,-0.4104,0.0294,0.20,0.1490,0.1542,0.1441
34.000,1.3357,0.1300,-0.4103,0.0294,0.20,0.1508,0.1561,0.1458
34.050,1.3343,0.1305,-0.4101,0.0294,0.20,0.1525,0.1580,0.1474
34.100,1.3329,0.1311,-0.4100,0.0295,0.20,0.1543,0.1599,0.1490
34.150,1.3315,0.1316,-0.4098,0.0295,0.20,0.1561,0.1618,0.1507
34.200,1.3302,0.1321,-0.4096,0.0295,0.20,0.1579,0.1638,0.1524
34.250,1.3288,0.1327,-0.4095,0.0295,0.20,0.1597,0.1657,0.1541
34.300,1.3274,0.1332,-0.4093,0.0297,0.20,0.1618,0.1679,0.1560
34.350,1.3260,0.1337,-0.4091,0.0298,0.20,0.1637,0.1700,0.1579
34.400,1.3246,0.1342,-0.4088,0.0298,0.20,0.1655,0.1720,0.1595
34.450,1.3232,0.1348,-0.4086,0.0298,0.20,0.1671,0.1737,0.1610
34.500,1.3218,0.1353,-0.4082,0.0298,0.20,0.1685,0.1752,0.1623
34.550,1.3204,0.1358,-0.4079,0.0297,0.20,0.1699,0.1767,0.1636
34.600,1.3191,0.1363,-0.4074,0.0297,0.20,0.1713,0.1782,0.1649
34.650,1.3177,0.1369,-0.4070,0.0297,0.20,0.1726,0.1796,0.1661
34.700,1.3163,0.1374,-0.4065,0.0297,0.20,0.1739,0.1811,0.1673
34.750,1.3149,0.1379,-0.4061,0.0297,0.20,0.1753,0.1825,0.1686
34.800,1.3135,0.1384,-0.4056,0.0297,0.20,0.1766,0.1840,0.1698
34.850,1.3121,0.1389,-0.4051,0.0296,0.20,0.1780,0.1854,0.1711
34.900,1.3107,0.1394,-0.4046,0.0296,0.20,0.1793,0.1869,0.1723
34.950,1.3093,0.1399,-0.4041,0.0296,0.20,0.1806,0.1883,0.1735
35.000,1.3079,0.1405,-0.4035,0.0296,0.20,0.1819,0.1897,0.1747
35.050,1.3065,0.1410,-0.4030,0.0296,0.20,0.1831,0.1911,0.1758
35.100,1.3051,0.1415,-0.4025,0.0296,0.20,0.1844,0.1924,0.1770
35.150,1.3037,0.1420,-0.4019,0.0296,0.20,0.1856,0.1938,0.1781
35.200,1.3024,0.1425,-0.4013,0.0296,0.20,0.1868,0.1951,0.1792
35.250,1.3010,0.1430,-0.4008,0.0296,0.20,0.1880,0.1964,0.1803
35.300,1.2996,0.1435,-0.4002,0.0296,0.20,0.1892,0.1977,0.1814
35.350,1.2982,0.1439,-0.3996,0.0295,0.20,0.1902,0.1987,0.1823
35.400,1.2968,0.1444,-0.3990,0.0293,0.20,0.1907,0.1993,0.1828
35.450,1.2954,0.1448,-0.3978,0.0293,0.20,0.1911,0.1997,0.1831
35.500,1.2940,0.1452,-0.3964,0.0293,0.20,0.1910,0.1996,0.1831
35.550,1.2926,0.1457,-0.3949,0.0292,0.20,0.1909,0.1995,0.1830
35.600,1.2912,0.1461,-0.3933,0.0292,0.20,0.1907,0.1993,0.1828
35.650,1.2898,0.1465,-0.3917,0.0291,0.20,0.1904,0.1990,0.1826
35.700,1.2884,0.1469,-0.3901,0.0290,0.20,0.1902,0.1987,0.1823
35.750,1.2870,0.1473,-0.3885,0.0291,0.20,0.1900,0.1986,0.1822
35.800,1.2856,0.1477,-0.3869,0.0291,0.20,0.1899,0.1984,0.1821
35.850,1.2842,0.1481,-0.3853,0.0291,0.20,0.1898,0.1983,0.1819
35.900,1.2828,0.1484,-0.3837,0.0291,0.20,0.1896,0.1981,0.1818
35.950,1.2814,0.1488,-0.3820,0.0291,0.20,0.1894,0.1979,0.1816
36.000,1.2800,0.1492,-0.3803,0.0291,0.20,0.1889,0.1974,0.1812
36.050,1.2786,0.1496,-0.3785,0.0290,0.20,0.1883,0.1967,0.1806
36.100,1.2772,0.1499,-0.3767,0.0290,0.20,0.1878,0.1962,0.1802
36.150,1.2758,0.1503,-0.3750,0.0290,0.20,0.1874,0.1957,0.1798
36.200,1.2744,0.1507,-0.3732,0.0290,0.20,0.1870,0.1953,0.1794
36.250,1.2730,0.1510,-0.3715,0.0290,0.20,0.1867,0.1950,0.1791
36.300,1.2716,0.1514,-0.3698,0.0290,0.20,0.1863,0.1945,0.1788
36.350,1.2701,0.1517,-0.3680,0.0290,0.20,0.1859,0.1941,0.1784
36.400,1.2687,0.1521,-0.3663,0.0290,0.20,0.1855,0.1936,0.1780
36.450,1.2673,0.1525,-0.3646,0.0290,0.20,0.1851,0.1932,0.1776
36.500,1.2659,0.1528,-0.3628,0.0290,0.20,0.1846,0.1927,0.1772
36.550,1.2645,0.1532,-0.3611,0.0290,0.20,0.1842,0.1922,0.1768
36.600,1.2631,0.1535,-0.3594,0.0290,0.20,0.1838,0.1918,0.1764
36.650,1.2617,0.1539,-0.3577,0.0290,0.20,0.1833,0.1913,0.1760
36.700,1.2603,0.1542,-0.3560,0.0290,0.20,0.1829,0.1908,0.1756
36.750,1.2589,0.1546,-0.3543,0.0290,0.20,0.1824,0.1903,0.1752
36.800,1.2575,0.1549,-0.3525,0.0290,0.20,0.1820,0.1898,0.1748
36.850,1.2560,0.1552,-0.3508,0.0291,0.20,0.1815,0.1893,0.1744
36.900,1.2546,0.1556,-0.3491,0.0291,0.20,0.1811,0.1888,0.1739
36.950,1.2532,0.1559,-0.3474,0.0291,0.20,0.1806,0.1883,0.1735
37.000,1.2518,0.1562,-0.3458,0.0291,0.20,0.1802,0.1878,0.1731
37.050,1.2504,0.1566,-0.3441,0.0291,0.20,0.1797,0.1873,0.1727
37.100,1.2490,0.1569,-0.3424,0.0291,0.20,0.1793,0.1868,0.1722
37.150,1.2476,0.1572,-0.3407,0.0291,0.20,0.1788,0.1863,0.1718
37.200,1.2461,0.1576,-0.3390,0.0291,0.20,0.1783,0.1858,0.1714
37.250,1.2447,0.1579,-0.3374,0.0291,0.20,0.1778,0.1853,0.1709
37.300,1.2433,0.1582,-0.3357,0.0291,0.20,0.1774,0.1848,0.1705
37.350,1.2419,0.1585,-0.3340,0.0291,0.20,0.1769,0.1843,0.1701
37.400,1.2405,0.1588,-0.3324,0.0291,0.20,0.1764,0.1838,0.1696
37.450,1.2391,0.1592,-0.3307,0.0291,0.20,0.1759,0.1832,0.1692
37.500,1.2376,0.1595,-0.3291,0.0291,0.20,0.1754,0.1827,0.1687
37.550,1.2362,0.1598,-0.3274,0.0291,0.20,0.1750,0.1822,0.1683
37.600,1.2348,0.1601,-0.3258,0.0291,0.20,0.1745,0.1817,0.1678
37.650,1.2334,0.1604,-0.3241,0.0291,0.20,0.1740,0.1811,0.1674
37.700,1.2320,0.1607,-0.3225,0.0291,0.20,0.1735,0.1806,0.1669
37.750,1.2305,0.1610,-0.3209,0.0291,0.20,0.1730,0.1801,0.1665
37.800,1.2291,0.1613,-0.3192,0.0291,0.20,0.1725,0.1795,0.1660
37.850,1.2277,0.1616,-0.3176,0.0291,0.20,0.1720,0.1790,0.1655
37.900,1.2263,0.1619,-0.3160,0.0291,0.20,0.1715,0.1784,0.1651
37.950,1.2249,0.1622,-0.3144,0.0291,0.20,0.1710,0.1779,0.1646
38.000,1.2234,0.1625,-0.3128,0.0291,0.20,0.1705,0.1773,0.1641
38.050,1.2220,0.1628,-0.3112,0.0291,0.20,0.1700,0.1768,0.1637
38.100,1.2206,0.1631,-0.3096,0.0291,0.20,0.1695,0.1762,0.1632
38.150,1.2192,0.1634,-0.3080,0.0291,0.20,0.1689,0.1757,0.1627
38.200,1.2177,0.1637,-0.3064,0.0291,0.20,0.1684,0.1751,0.1622
38.250,1.2163,0.1640,-0.3048,0.0291,0.20,0.1679,0.1746,0.1618
38.300,1.2149,0.1642,-0.3032,0.0291,0.20,0.1674,0.1740,0.1613
38.350,1.2135,0.1645,-0.3017,0.0291,0.20,0.1669,0.1735,0.1608
38.400,1.2120,0.1648,-0.3001,0.0291,0.20,0.1664,0.1729,0.1603
38.450,1.2106,0.1651,-0.2985,0.0291,0.20,0.1658,0.1723,0.1598
38.500,1.2092,0.1654,-0.2970,0.0291,0.20,0.1653,0.1718,0.1593
38.550,1.2077,0.1656,-0.2954,0.0291,0.20,0.1648,0.1712,0.1589
38.600,1.2063,0.1659,-0.2938,0.0291,0.20,0.1643,0.1706,0.1584
38.650,1.2049,0.1662,-0.2923,0.0291,0.20,0.1637,0.1701,0.1579
38.700,1.2035,0.1665,-0.2907,0.0291,0.20,0.1632,0.1695,0.1574
38.750,1.2020,0.1667,-0.2892,0.0291,0.20,0.1627,0.1689,0.1569
38.800,1.2006,0.1670,-0.2877,0.0291,0.20,0.1622,0.1684,0.1564
38.850,1.1992,0.1673,-0.2861,0.0291,0.20,0.1616,0.1678,0.1559
38.900,1.1977,0.1675,-0.2846,0.0291,0.20,0.1611,0.1672,0.1554
38.950,1.1963,0.1678,-0.2831,0.0291,0.20,0.1605,0.1666,0.1549
39.000,1.1949,0.1681,-0.2816,0.0291,0.20,0.1600,0.1660,0.1544
39.050,1.1934,0.1683,-0.2801,0.0291,0.20,0.1595,0.1655,0.1539
39.100,1.1920,0.1686,-0.2786,0.0291,0.20,0.1589,0.1649,0.1534
39.150,1.1906,0.1688,-0.2771,0.0291,0.20,0.1584,0.1643,0.1529
39.200,1.1891,0.1691,-0.2756,0.0291,0.20,0.1579,0.1637,0.1524
39.250,1.1877,0.1693,-0.2741,0.0291,0.20,0.1573,0.1631,0.1519
39.300,1.1863,0.1696,-0.2726,0.0291,0.20,0.1568,0.1626,0.1514
39.350,1.1849,0.1698,-0.2711,0.0291,0.20,0.1562,0.1620,0.1509
39.400,1.1834,0.1701,-0.2696,0.0291,0.20,0.1557,0.1614,0.1504
39.450,1.1820,0.1703,-0.2682,0.0291,0.20,0.1551,0.1608,0.1498
39.500,1.1805,0.1706,-0.2667,0.0291,0.20,0.1546,0.1602,0.1493
39.550,1.1791,0.1708,-0.2652,0.0291,0.20,0.1540,0.1596,0.1488
39.600,1.1777,0.1711,-0.2638,0.0291,0.20,0.1535,0.1590,0.1483
39.650,1.1762,0.1713,-0.2623,0.0291,0.20,0.1529,0.1584,0.1478
39.700,1.1748,0.1715,-0.2609,0.0291,0.20,0.1524,0.1579,0.1473
39.750,1.1734,0.1718,-0.2594,0.0291,0.20,0.1518,0.1573,0.1468
39.800,1.1719,0.1720,-0.2580,0.0291,0.20,0.1513,0.1567,0.1463
39.850,1.1705,0.1723,-0.2566,0.0291,0.20,0.1507,0.1561,0.1457
39.900,1.1691,0.1725,-0.2551,0.0291,0.20,0.1502,0.1555,0.1452
39.950,1.1676,0.1727,-0.2537,0.0291,0.20,0.1496,0.1549,0.1447
40.000,1.1662,0.1729,-0.2523,0.0291,0.20,0.1491,0.1543,0.1442
40.050,1.1647,0.1732,-0.2509,0.0291,0.20,0.1485,0.1537,0.1437
40.100,1.1633,0.1734,-0.2495,0.0291,0.20,0.1480,0.1531,0.1431
40.150,1.1619,0.1736,-0.2481,0.0291,0.20,0.1474,0.1525,0.1426
40.200,1.1604,0.1739,-0.2467,0.0291,0.20,0.1469,0.1519,0.1421
40.250,1.1590,0.1741,-0.2453,0.0291,0.20,0.1463,0.1513,0.1416
40.300,1.1576,0.1743,-0.2439,0.0291,0.20,0.1457,0.1507,0.1411
40.350,1.1561,0.1745,-0.2425,0.0291,0.20,0.1452,0.1501,0.1405
40.400,1.1547,0.1747,-0.2411,0.0291,0.20,0.1446,0.1496,0.1400
40.450,1.1532,0.1749,-0.2398,0.0291,0.20,0.1441,0.1490,0.1395
40.500,1.1518,0.1752,-0.2384,0.0291,0.20,0.1435,0.1484,0.1390
40.550,1.1503,0.1754,-0.2370,0.0291,0.20,0.1430,0.1478,0.1385
40.600,1.1489,0.1756,-0.2357,0.0291,0.20,0.1424,0.1472,0.1379
40.650,1.1475,0.1758,-0.2343,0.0291,0.20,0.1418,0.1466,0.1374
40.700,1.1460,0.1760,-0.2330,0.0291,0.20,0.1413,0.1460,0.1369
40.750,1.1446,0.1762,-0.2316,0.0291,0.20,0.1407,0.1454,0.1364
40.800,1.1431,0.1764,-0.2303,0.0291,0.20,0.1402,0.1448,0.1358
40.850,1.1417,0.1766,-0.2290,0.0291,0.20,0.1396,0.1442,0.1353
40.900,1.1403,0.1768,-0.2276,0.0291,0.20,0.1390,0.1436,0.1348
40.950,1.1388,0.1770,-0.2263,0.0291,0.20,0.1385,0.1430,0.1343
41.000,1.1374,0.1772,-0.2250,0.0291,0.20,0.1379,0.1424,0.1337
41.050,1.1359,0.1774,-0.2237,0.0291,0.20,0.1374,0.1418,0.1332
41.100,1.1345,0.1776,-0.2224,0.0291,0.20,0.1368,0.1412,0.1327
41.150,1.1330,0.1778,-0.2211,0.0291,0.20,0.1363,0.1406,0.1322
41.200,1.1316,0.1780,-0.2198,0.0291,0.20,0.1357,0.1400,0.1316
41.250,1.1301,0.1782,-0.2185,0.0291,0.20,0.1351,0.1394,0.1311
41.300,1.1287,0.1784,-0.2172,0.0292,0.20,0.1346,0.1388,0.1306
41.350,1.1273,0.1786,-0.2159,0.0292,0.20,0.1340,0.1382,0.1301
41.400,1.1258,0.1788,-0.2147,0.0292,0.20,0.1335,0.1377,0.1295
41.450,1.1244,0.1790,-0.2134,0.0292,0.20,0.1329,0.1371,0.1290
41.500,1.1229,0.1792,-0.2121,0.0292,0.20,0.1324,0.1365,0.1285
41.550,1.1215,0.1794,-0.2109,0.0292,0.20,0.1318,0.1359,0.1280
41.600,1.1200,0.1795,-0.2096,0.0292,0.20,0.1312,0.1353,0.1274
41.650,1.1186,0.1797,-0.2084,0.0292,0.20,0.1307,0.1347,0.1269
41.700,1.1171,0.1799,-0.2071,0.0292,0.20,0.1301,0.1341,0.1264
41.750,1.1157,0.1801,-0.2059,0.0292,0.20,0.1296,0.1335,0.1259
41.800,1.1142,0.1803,-0.2047,0.0292,0.20,0.1290,0.1329,0.1253
41.850,1.1128,0.1804,-0.2034,0.0292,0.20,0.1285,0.1323,0.1248
41.900,1.1114,0.1806,-0.2022,0.0292,0.20,0.1279,0.1317,0.1243
41.950,1.1099,0.1808,-0.2010,0.0292,0.20,0.1274,0.1312,0.1238
42.000,1.1085,0.1810,-0.1998,0.0292,0.20,0.1268,0.1306,0.1232
42.050,1.1070,0.1811,-0.1986,0.0292,0.20,0.1262,0.1300,0.1227
42.100,1.1056,0.1813,-0.1974,0.0292,0.20,0.1257,0.1294,0.1222
42.150,1.1041,0.1815,-0.1962,0.0292,0.20,0.1251,0.1288,0.1217
42.200,1.1027,0.1817,-0.1950,0.0292,0.20,0.1246,0.1282,0.1212
42.250,1.1012,0.1818,-0.1938,0.0292,0.20,0.1240,0.1277,0.1206
42.300,1.0998,0.1820,-0.1926,0.0292,0.20,0.1235,0.1271,0.1201
42.350,1.0983,0.1822,-0.1914,0.0292,0.20,0.1229,0.1265,0.1196
42.400,1.0969,0.1823,-0.1902,0.0292,0.20,0.1224,0.1259,0.1191
42.450,1.0954,0.1825,-0.1891,0.0292,0.20,0.1218,0.1253,0.1186
42.500,1.0940,0.1827,-0.1879,0.0292,0.20,0.1213,0.1248,0.1180
42.550,1.0925,0.1828,-0.1868,0.0292,0.20,0.1208,0.1242,0.1175
42.600,1.0911,0.1830,-0.1856,0.0292,0.20,0.1202,0.1236,0.1170
42.650,1.0896,0.1831,-0.1845,0.0292,0.20,0.1197,0.1230,0.1165
42.700,1.0882,0.1833,-0.1833,0.0292,0.20,0.1191,0.1224,0.1160
42.750,1.0867,0.1835,-0.1822,0.0292,0.20,0.1186,0.1219,0.1155
42.800,1.0853,0.1836,-0.1810,0.0292,0.20,0.1180,0.1213,0.1149
42.850,1.0838,0.1838,-0.1799,0.0292,0.20,0.1175,0.1207,0.1144
42.900,1.0824,0.1839,-0.1788,0.0292,0.20,0.1169,0.1202,0.1139
42.950,1.0809,0.1841,-0.1777,0.0292,0.20,0.1164,0.1196,0.1134
43.000,1.0795,0.1842,-0.1766,0.0292,0.20,0.1159,0.1190,0.1129
43.050,1.0780,0.1844,-0.1755,0.0292,0.20,0.1153,0.1184,0.1124
43.100,1.0766,0.1845,-0.1744,0.0292,0.20,0.1148,0.1179,0.1119
43.150,1.0751,0.1847,-0.1733,0.0292,0.20,0.1143,0.1173,0.1114
43.200,1.0737,0.1848,-0.1722,0.0292,0.20,0.1137,0.1167,0.1108
43.250,1.0722,0.1850,-0.1711,0.0292,0.20,0.1132,0.1162,0.1103
43.300,1.0707,0.1851,-0.1700,0.0292,0.20,0.1127,0.1156,0.1098
43.350,1.0693,0.1853,-0.1689,0.0292,0.20,0.1121,0.1151,0.1093
43.400,1.0678,0.1854,-0.1679,0.0292,0.20,0.1116,0.1145,0.1088
43.450,1.0664,0.1855,-0.1668,0.0292,0.20,0.1111,0.1139,0.1083
43.500,1.0649,0.1857,-0.1657,0.0292,0.20,0.1105,0.1134,0.1078
43.550,1.0635,0.1858,-0.1647,0.0292,0.20,0.1100,0.1128,0.1073
43.600,1.0620,0.1860,-0.1636,0.0292,0.20,0.1095,0.1123,0.1068
43.650,1.0606,0.1861,-0.1626,0.0292,0.20,0.1089,0.1117,0.1063
43.700,1.0591,0.1862,-0.1615,0.0292,0.20,0.1084,0.1112,0.1058
43.750,1.0577,0.1864,-0.1605,0.0292,0.20,0.1079,0.1106,0.1053
43.800,1.0562,0.1865,-0.1595,0.0292,0.20,0.1074,0.1101,0.1048
43.850,1.0548,0.1866,-0.1584,0.0292,0.20,0.1068,0.1095,0.1043
43.900,1.0533,0.1868,-0.1574,0.0292,0.20,0.1063,0.1090,0.1038
43.950,1.0519,0.1869,-0.1564,0.0292,0.20,0.1058,0.1084,0.1033
44.000,1.0504,0.1870,-0.1554,0.0292,0.20,0.1053,0.1079,0.1028
44.050,1.0489,0.1872,-0.1544,0.0292,0.20,0.1048,0.1073,0.1023
44.100,1.0475,0.1873,-0.1534,0.0292,0.20,0.1042,0.1068,0.1018
44.150,1.0460,0.1874,-0.1524,0.0292,0.20,0.1037,0.1062,0.1013
44.200,1.0446,0.1875,-0.1514,0.0292,0.20,0.1032,0.1057,0.1008
44.250,1.0431,0.1877,-0.1504,0.0292,0.20,0.1027,0.1052,0.1003
44.300,1.0417,0.1878,-0.1494,0.0292,0.20,0.1022,0.1046,0.0999
44.350,1.0402,0.1879,-0.1484,0.0292,0.20,0.1017,0.1041,0.0994
44.400,1.0388,0.1880,-0.1474,0.0292,0.20,0.1012,0.1036,0.0989
44.450,1.0373,0.1882,-0.1465,0.0292,0.20,0.1007,0.1030,0.0984
44.500,1.0358,0.1883,-0.1455,0.0292,0.20,0.1002,0.1025,0.0979
44.550,1.0344,0.1884,-0.1446,0.0292,0.20,0.0996,0.1020,0.0974
44.600,1.0329,0.1885,-0.1436,0.0292,0.20,0.0991,0.1014,0.0969
44.650,1.0315,0.1886,-0.1426,0.0292,0.20,0.0986,0.1009,0.0965
44.700,1.0300,0.1888,-0.1417,0.0292,0.20,0.0981,0.1004,0.0960
44.750,1.0286,0.1889,-0.1408,0.0292,0.20,0.0976,0.0999,0.0955
44.800,1.0271,0.1890,-0.1398,0.0292,0.20,0.0971,0.0993,0.0950
44.850,1.0257,0.1891,-0.1389,0.0292,0.20,0.0966,0.0988,0.0946
44.900,1.0242,0.1892,-0.1380,0.0292,0.20,0.0961,0.0983,0.0941
44.950,1.0227,0.1893,-0.1370,0.0292,0.20,0.0956,0.0978,0.0936
45.000,1.0213,0.1894,-0.1361,0.0292,0.20,0.0952,0.0973,0.0931
45.050,1.0198,0.1895,-0.1352,0.0292,0.20,0.0947,0.0968,0.0927
45.100,1.0184,0.1897,-0.1343,0.0292,0.20,0.0942,0.0962,0.0922
45.150,1.0169,0.1898,-0.1334,0.0292,0.20,0.0937,0.0957,0.0917
45.200,1.0155,0.1899,-0.1325,0.0292,0.20,0.0932,0.0952,0.0912
45.250,1.0140,0.1900,-0.1316,0.0292,0.20,0.0927,0.0947,0.0908
45.300,1.0125,0.1901,-0.1307,0.0292,0.20,0.0922,0.0942,0.0903
45.350,1.0111,0.1902,-0.1298,0.0292,0.20,0.0917,0.0937,0.0898
45.400,1.0096,0.1903,-0.1290,0.0292,0.20,0.0912,0.0932,0.0894
45.450,1.0082,0.1904,-0.1281,0.0292,0.20,0.0908,0.0927,0.0889
45.500,1.0067,0.1905,-0.1272,0.0292,0.20,0.0903,0.0922,0.0885
45.550,1.0053,0.1906,-0.1263,0.0292,0.20,0.0898,0.0917,0.0880
45.600,1.0038,0.1907,-0.1255,0.0292,0.20,0.0893,0.0912,0.0875
45.650,1.0023,0.1908,-0.1246,0.0292,0.20,0.0889,0.0907,0.0871
45.700,1.0009,0.1909,-0.1238,0.0292,0.20,0.0884,0.0902,0.0866
45.750,0.9994,0.1910,-0.1229,0.0292,0.20,0.0879,0.0897,0.0862
45.800,0.9980,0.1911,-0.1221,0.0292,0.20,0.0874,0.0892,0.0857
45.850,0.9965,0.1912,-0.1212,0.0292,0.20,0.0870,0.0887,0.0853
45.900,0.9950,0.1913,-0.1204,0.0292,0.20,0.0865,0.0882,0.0848
45.950,0.9936,0.1914,-0.1196,0.0292,0.20,0.0860,0.0878,0.0844
46.000,0.9921,0.1915,-0.1187,0.0292,0.20,0.0856,0.0873,0.0839
46.050,0.9907,0.1916,-0.1179,0.0292,0.20,0.0851,0.0868,0.0835
46.100,0.9892,0.1917,-0.1171,0.0292,0.20,0.0846,0.0863,0.0830
46.150,0.9878,0.1918,-0.1163,0.0292,0.20,0.0842,0.0858,0.0826
46.200,0.9863,0.1919,-0.1155,0.0292,0.20,0.0837,0.0854,0.0821
46.250,0.9848,0.1920,-0.1147,0.0292,0.20,0.0833,0.0849,0.0817
46.300,0.9834,0.1921,-0.1139,0.0292,0.20,0.0828,0.0844,0.0813
46.350,0.9819,0.1921,-0.1131,0.0292,0.20,0.0823,0.0839,0.0808
46.400,0.9805,0.1922,-0.1123,0.0292,0.20,0.0819,0.0835,0.0804
46.450,0.9790,0.1923,-0.1115,0.0292,0.20,0.0814,0.0830,0.0800
46.500,0.9775,0.1924,-0.1107,0.0292,0.20,0.0810,0.0825,0.0795
46.550,0.9761,0.1925,-0.1100,0.0292,0.20,0.0805,0.0821,0.0791
46.600,0.9746,0.1926,-0.1092,0.0292,0.20,0.0801,0.0816,0.0787
46.650,0.9732,0.1927,-0.1084,0.0292,0.20,0.0797,0.0811,0.0782
46.700,0.9717,0.1928,-0.1076,0.0292,0.20,0.0792,0.0807,0.0778
46.750,0.9702,0.1928,-0.1069,0.0292,0.20,0.0788,0.0802,0.0774
46.800,0.9688,0.1929,-0.1061,0.0292,0.20,0.0783,0.0798,0.0769
46.850,0.9673,0.1930,-0.1054,0.0292,0.20,0.0779,0.0793,0.0765
46.900,0.9659,0.1931,-0.1046,0.0292,0.20,0.0775,0.0788,0.0761
46.950,0.9644,0.1932,-0.1039,0.0292,0.20,0.0770,0.0784,0.0757
47.000,0.9629,0.1932,-0.1031,0.0292,0.20,0.0766,0.0779,0.0753
47.050,0.9615,0.1933,-0.1024,0.0292,0.20,0.0762,0.0775,0.0748
47.100,0.9600,0.1934,-0.1017,0.0292,0.20,0.0757,0.0771,0.0744
47.150,0.9586,0.1935,-0.1010,0.0292,0.20,0.0753,0.0766,0.0740
47.200,0.9571,0.1936,-0.1002,0.0292,0.20,0.0749,0.0762,0.0736
47.250,0.9556,0.1936,-0.0995,0.0292,0.20,0.0744,0.0757,0.0732
47.300,0.9542,0.1937,-0.0988,0.0292,0.20,0.0740,0.0753,0.0728
47.350,0.9527,0.1938,-0.0981,0.0293,0.20,0.0736,0.0749,0.0724
47.400,0.9513,0.1939,-0.0974,0.0293,0.20,0.0732,0.0744,0.0720
47.450,0.9498,0.1939,-0.0967,0.0292,0.20,0.0728,0.0740,0.0716
47.500,0.9483,0.1940,-0.0960,0.0292,0.20,0.0723,0.0736,0.0712
47.550,0.9469,0.1941,-0.0953,0.0293,0.20,0.0719,0.0731,0.0708
47.600,0.9454,0.1942,-0.0946,0.0292,0.20,0.0715,0.0727,0.0704
47.650,0.9440,0.1942,-0.0939,0.0293,0.20,0.0711,0.0723,0.0700
47.700,0.9425,0.1943,-0.0932,0.0293,0.20,0.0707,0.0718,0.0696
47.750,0.9410,0.1944,-0.0925,0.0293,0.20,0.0703,0.0714,0.0692
47.800,0.9396,0.1944,-0.0919,0.0293,0.20,0.0699,0.0710,0.0688
47.850,0.9381,0.1945,-0.0912,0.0293,0.20,0.0694,0.0706,0.0684
47.900,0.9367,0.1946,-0.0905,0.0293,0.20,0.0690,0.0701,0.0680
47.950,0.9352,0.1947,-0.0899,0.0293,0.20,0.0686,0.0697,0.0676
48.000,0.9337,0.1947,-0.0892,0.0292,0.20,0.0682,0.0693,0.0672
48.050,0.9323,0.1948,-0.0885,0.0292,0.20,0.0678,0.0689,0.0668
48.100,0.9308,0.1949,-0.0879,0.0293,0.20,0.0674,0.0685,0.0664
48.150,0.9293,0.1949,-0.0872,0.0293,0.20,0.0670,0.0681,0.0660
48.200,0.9279,0.1950,-0.0866,0.0293,0.20,0.0666,0.0677,0.0656
48.250,0.9264,0.1951,-0.0860,0.0293,0.20,0.0662,0.0673,0.0653
48.300,0.9250,0.1951,-0.0853,0.0293,0.20,0.0659,0.0669,0.0649
48.350,0.9235,0.1952,-0.0847,0.0293,0.20,0.0655,0.0665,0.0645
48.400,0.9220,0.1952,-0.0841,0.0293,0.20,0.0651,0.0661,0.0641
48.450,0.9206,0.1953,-0.0835,0.0293,0.20,0.0647,0.0657,0.0637
48.500,0.9191,0.1954,-0.0828,0.0293,0.20,0.0643,0.0653,0.0634
48.550,0.9177,0.1954,-0.0822,0.0293,0.20,0.0639,0.0649,0.0630
48.600,0.9162,0.1955,-0.0816,0.0293,0.20,0.0635,0.0645,0.0626
48.650,0.9147,0.1956,-0.0810,0.0293,0.20,0.0632,0.0641,0.0623
48.700,0.9133,0.1956,-0.0804,0.0293,0.20,0.0628,0.0637,0.0619
48.750,0.9118,0.1957,-0.0798,0.0293,0.20,0.0624,0.0633,0.0615
48.800,0.9103,0.1957,-0.0792,0.0293,0.20,0.0620,0.0629,0.0612
48.850,0.9089,0.1958,-0.0786,0.0293,0.20,0.0617,0.0625,0.0608
48.900,0.9074,0.1958,-0.0780,0.0293,0.20,0.0613,0.0622,0.0604
48.950,0.9060,0.1959,-0.0774,0.0293,0.20,0.0609,0.0618,0.0601
49.000,0.9045,0.1960,-0.0768,0.0293,0.20,0.0605,0.0614,0.0597
49.050,0.9030,0.1960,-0.0763,0.0293,0.20,0.0602,0.0610,0.0594
49.100,0.9016,0.1961,-0.0757,0.0293,0.20,0.0598,0.0606,0.0590
49.150,0.9001,0.1961,-0.0751,0.0293,0.20,0.0594,0.0603,0.0586
49.200,0.8987,0.1962,-0.0745,0.0293,0.20,0.0591,0.0599,0.0583
49.250,0.8972,0.1962,-0.0740,0.0293,0.20,0.0587,0.0595,0.0579
49.300,0.8957,0.1963,-0.0734,0.0293,0.20,0.0584,0.0591,0.0576
49.350,0.8943,0.1963,-0.0728,0.0293,0.20,0.0580,0.0588,0.0572
49.400,0.8928,0.1964,-0.0723,0.0293,0.20,0.0576,0.0584,0.0569
49.450,0.8913,0.1964,-0.0717,0.0293,0.20,0.0573,0.0580,0.0565
49.500,0.8899,0.1965,-0.0712,0.0293,0.20,0.0569,0.0577,0.0562
49.550,0.8884,0.1966,-0.0706,0.0293,0.20,0.0566,0.0573,0.0559
49.600,0.8870,0.1966,-0.0701,0.0293,0.20,0.0562,0.0570,0.0555
49.650,0.8855,0.1967,-0.0696,0.0293,0.20,0.0559,0.0566,0.0552
49.700,0.8840,0.1967,-0.0690,0.0292,0.20,0.0556,0.0563,0.0549
49.750,0.8826,0.1968,-0.0685,0.0292,0.20,0.0553,0.0560,0.0546
49.800,0.8811,0.1968,-0.0681,0.0291,0.20,0.0550,0.0557,0.0543
49.850,0.8797,0.1969,-0.0677,0.0291,0.20,0.0548,0.0555,0.0541
49.900,0.8782,0.1969,-0.0673,0.0291,0.20,0.0546,0.0553,0.0540
49.950,0.8768,0.1970,-0.0669,0.0291,0.20,0.0545,0.0551,0.0538
50.000,0.8753,0.1970,-0.0664,0.0291,0.20,0.0542,0.0549,0.0536
50.050,0.8738,0.1971,-0.0660,0.0292,0.20,0.0540,0.0547,0.0534
50.100,0.8724,0.1972,-0.0655,0.0292,0.20,0.0538,0.0545,0.0531
50.150,0.8709,0.1972,-0.0651,0.0292,0.20,0.0536,0.0542,0.0529
50.200,0.8695,0.1973,-0.0647,0.0292,0.20,0.0534,0.0540,0.0527
50.250,0.8680,0.1973,-0.0643,0.0292,0.20,0.0531,0.0538,0.0525
50.300,0.8666,0.1974,-0.0638,0.0292,0.20,0.0529,0.0536,0.0523
50.350,0.8651,0.1974,-0.0634,0.0292,0.20,0.0527,0.0533,0.0521
50.400,0.8636,0.1975,-0.0630,0.0292,0.20,0.0525,0.0531,0.0518
50.450,0.8622,0.1975,-0.0625,0.0292,0.20,0.0522,0.0529,0.0516
50.500,0.8607,0.1976,-0.0621,0.0292,0.20,0.0520,0.0526,0.0514
50.550,0.8593,0.1977,-0.0616,0.0292,0.20,0.0517,0.0524,0.0511
50.600,0.8578,0.1977,-0.0612,0.0292,0.20,0.0515,0.0521,0.0509
50.650,0.8563,0.1978,-0.0608,0.0291,0.20,0.0513,0.0519,0.0507
50.700,0.8549,0.1978,-0.0604,0.0291,0.20,0.0511,0.0517,0.0505
50.750,0.8534,0.1979,-0.0600,0.0291,0.20,0.0509,0.0515,0.0503
50.800,0.8520,0.1979,-0.0596,0.0292,0.20,0.0506,0.0512,0.0501
50.850,0.8505,0.1980,-0.0592,0.0291,0.20,0.0504,0.0510,0.0499
50.900,0.8491,0.1980,-0.0588,0.0292,0.20,0.0502,0.0508,0.0496
50.950,0.8476,0.1981,-0.0584,0.0292,0.20,0.0500,0.0506,0.0494
51.000,0.8461,0.1981,-0.0579,0.0292,0.20,0.0498,0.0503,0.0492
51.050,0.8447,0.1981,-0.0575,0.0293,0.20,0.0494,0.0500,0.0489
51.100,0.8432,0.1982,-0.0570,0.0292,0.20,0.0490,0.0496,0.0485
51.150,0.8418,0.1982,-0.0565,0.0292,0.20,0.0487,0.0492,0.0481
51.200,0.8403,0.1983,-0.0560,0.0292,0.20,0.0484,0.0490,0.0479
51.250,0.8388,0.1983,-0.0557,0.0292,0.20,0.0482,0.0488,0.0477
51.300,0.8374,0.1983,-0.0554,0.0292,0.20,0.0481,0.0486,0.0476
51.350,0.8359,0.1984,-0.0551,0.0293,0.20,0.0480,0.0485,0.0475
51.400,0.8345,0.1984,-0.0549,0.0293,0.20,0.0479,0.0485,0.0474
51.450,0.8330,0.1985,-0.0546,0.0293,0.20,0.0479,0.0484,0.0473
51.500,0.8315,0.1985,-0.0544,0.0294,0.20,0.0478,0.0484,0.0473
51.550,0.8301,0.1986,-0.0543,0.0294,0.20,0.0479,0.0484,0.0473
51.600,0.8286,0.1986,-0.0541,0.0294,0.20,0.0479,0.0485,0.0474
51.650,0.8271,0.1987,-0.0540,0.0294,0.20,0.0480,0.0485,0.0475
51.700,0.8256,0.1987,-0.0539,0.0295,0.20,0.0481,0.0486,0.0475
51.750,0.8242,0.1988,-0.0538,0.0295,0.20,0.0481,0.0487,0.0476
51.800,0.8227,0.1988,-0.0538,0.0295,0.20,0.0482,0.0488,0.0477
51.850,0.8212,0.1988,-0.0537,0.0295,0.20,0.0483,0.0488,0.0478
51.900,0.8197,0.1989,-0.0536,0.0294,0.20,0.0484,0.0489,0.0479
51.950,0.8183,0.1989,-0.0535,0.0295,0.20,0.0485,0.0490,0.0479
52.000,0.8168,0.1990,-0.0534,0.0294,0.20,0.0485,0.0491,0.0480
52.050,0.8153,0.1990,-0.0533,0.0295,0.20,0.0486,0.0492,0.0481
52.100,0.8139,0.1991,-0.0532,0.0295,0.20,0.0487,0.0492,0.0482
52.150,0.8124,0.1991,-0.0531,0.0295,0.20,0.0488,0.0493,0.0482
52.200,0.8109,0.1992,-0.0531,0.0295,0.20,0.0489,0.0494,0.0483
52.250,0.8094,0.1992,-0.0530,0.0295,0.20,0.0489,0.0495,0.0484
52.300,0.8080,0.1992,-0.0529,0.0295,0.20,0.0490,0.0496,0.0485
52.350,0.8065,0.1993,-0.0528,0.0295,0.20,0.0491,0.0496,0.0485
52.400,0.8050,0.1993,-0.0527,0.0295,0.20,0.0492,0.0497,0.0486
52.450,0.8036,0.1994,-0.0526,0.0295,0.20,0.0492,0.0498,0.0487
52.500,0.8021,0.1994,-0.0525,0.0295,0.20,0.0493,0.0499,0.0487
52.550,0.8006,0.1995,-0.0524,0.0295,0.20,0.0494,0.0499,0.0488
52.600,0.7991,0.1995,-0.0523,0.0294,0.20,0.0494,0.0500,0.0489
52.650,0.7977,0.1995,-0.0522,0.0295,0.20,0.0495,0.0500,0.0489
52.700,0.7962,0.1996,-0.0521,0.0294,0.20,0.0495,0.0501,0.0490
52.750,0.7947,0.1996,-0.0520,0.0294,0.20,0.0496,0.0502,0.0490
52.800,0.7932,0.1997,-0.0519,0.0294,0.20,0.0496,0.0502,0.0491
52.850,0.7918,0.1997,-0.0518,0.0294,0.20,0.0497,0.0503,0.0491
52.900,0.7903,0.1997,-0.0517,0.0294,0.20,0.0497,0.0503,0.0492
52.950,0.7888,0.1998,-0.0516,0.0294,0.20,0.0498,0.0504,0.0492
53.000,0.7874,0.1998,-0.0515,0.0294,0.20,0.0498,0.0504,0.0493
53.050,0.7859,0.1999,-0.0514,0.0294,0.00,0.5236,0.5871,0.4715
53.100,0.7843,0.1998,-0.0552,0.0323,0.00,0.5236,0.5871,0.4715
53.150,0.7825,0.1999,-0.0639,0.0354,0.00,0.5236,0.5871,0.4715
53.200,0.7805,0.2002,-0.0746,0.0399,0.00,0.5236,0.5871,0.4715
53.250,0.7780,0.2004,-0.0864,0.0501,0.00,0.5236,0.5871,0.4715
53.300,0.7752,0.2002,-0.0935,0.0581,0.00,0.5236,0.5871,0.4715
53.350,0.7723,0.1996,-0.0942,0.0588,0.00,0.5236,0.5871,0.4715
53.400,0.7698,0.1990,-0.0880,0.0509,0.00,0.5236,0.5871,0.4715
53.450,0.7678,0.1986,-0.0816,0.0416,0.00,0.5236,0.5871,0.4715
53.500,0.7659,0.1983,-0.0753,0.0379,0.00,0.5236,0.5871,0.4715
53.550,0.7641,0.1979,-0.0693,0.0357,0.00,0.5236,0.5871,0.4715
53.600,0.7625,0.1975,-0.0638,0.0342,0.00,0.5236,0.5871,0.4715
53.650,0.7609,0.1972,-0.0588,0.0331,0.00,0.5236,0.5871,0.4715
53.700,0.7593,0.1968,-0.0544,0.0321,0.00,0.5236,0.5871,0.4715
53.750,0.7578,0.1965,-0.0504,0.0314,0.00,0.5236,0.5871,0.4715
53.800,0.7563,0.1961,-0.0468,0.0305,0.00,0.5236,0.5871,0.4715
53.850,0.7548,0.1957,-0.0432,0.0299,0.00,0.5236,0.5871,0.4715
53.900,0.7534,0.1953,-0.0397,0.0295,0.00,0.5236,0.5871,0.4715
53.950,0.7520,0.1950,-0.0362,0.0290,0.00,0.5236,0.5871,0.4715
54.000,0.7506,0.1946,-0.0328,0.0290,0.00,0.5236,0.5871,0.4715
54.050,0.7492,0.1942,-0.0294,0.0290,0.00,0.5236,0.5871,0.4715
54.100,0.7478,0.1938,-0.0261,0.0289,0.00,0.5236,0.5871,0.4715
54.150,0.7464,0.1934,-0.0227,0.0289,0.00,0.5236,0.5871,0.4715
54.200,0.7450,0.1930,-0.0194,0.0289,0.00,0.5236,0.5871,0.4715
54.250,0.7436,0.1926,-0.0160,0.0289,0.00,0.5236,0.5871,0.4715
54.300,0.7423,0.1922,-0.0126,0.0289,0.00,0.5236,0.5871,0.4715
54.350,0.7409,0.1918,-0.0093,0.0289,0.00,0.5236,0.5871,0.4715
54.400,0.7395,0.1914,-0.0059,0.0289,0.00,0.5236,0.5871,0.4715
54.450,0.7381,0.1910,-0.0025,0.0288,0.00,0.5236,0.5871,0.4715
54.500,0.7367,0.1906,0.0009,0.0288,0.00,0.5236,0.5871,0.4715
54.550,0.7354,0.1901,0.0043,0.0288,0.00,0.5236,0.5871,0.4715
54.600,0.7340,0.1897,0.0077,0.0288,0.00,0.5236,0.5871,0.4715
54.650,0.7326,0.1893,0.0111,0.0288,0.00,0.5236,0.5871,0.4715
54.700,0.7312,0.1888,0.0145,0.0288,0.00,0.5236,0.5871,0.4715
54.750,0.7299,0.1884,0.0178,0.0288,0.00,0.5236,0.5871,0.4715
54.800,0.7285,0.1879,0.0212,0.0288,0.00,0.5236,0.5871,0.4715
54.850,0.7271,0.1875,0.0246,0.0288,0.00,0.5236,0.5871,0.4715
54.900,0.7258,0.1870,0.0279,0.0289,0.00,0.5236,0.5871,0.4715
54.950,0.7244,0.1866,0.0313,0.0289,0.00,0.5236,0.5871,0.4715
55.000,0.7230,0.1861,0.0347,0.0289,0.00,0.5236,0.5871,0.4715
55.050,0.7217,0.1856,0.0380,0.0289,0.00,0.5236,0.5871,0.4715
55.100,0.7203,0.1852,0.0414,0.0289,0.00,0.5236,0.5871,0.4715
55.150,0.7189,0.1847,0.0448,0.0289,0.00,0.5236,0.5871,0.4715
55.200,0.7176,0.1842,0.0481,0.0289,0.00,0.5236,0.5871,0.4715
55.250,0.7162,0.1837,0.0515,0.0288,0.00,0.5236,0.5871,0.4715
55.300,0.7149,0.1832,0.0549,0.0288,0.00,0.5236,0.5871,0.4715
55.350,0.7135,0.1827,0.0582,0.0288,0.00,0.5236,0.5871,0.4715
55.400,0.7122,0.1822,0.0616,0.0288,0.00,0.5236,0.5871,0.4715
55.450,0.7108,0.1817,0.0650,0.0288,0.00,0.5236,0.5871,0.4715
55.500,0.7095,0.1812,0.0683,0.0288,0.00,0.5236,0.5871,0.4715
55.550,0.7081,0.1807,0.0717,0.0288,0.00,0.5236,0.5871,0.4715
55.600,0.7068,0.1801,0.0751,0.0288,0.00,0.5236,0.5871,0.4715
55.650,0.7054,0.1796,0.0784,0.0288,0.00,0.5222,0.5854,0.4704
55.700,0.7041,0.1791,0.0820,0.0285,0.00,0.5191,0.5816,0.4678
55.750,0.7028,0.1786,0.0858,0.0280,0.00,0.5170,0.5790,0.4660
55.800,0.7015,0.1781,0.0897,0.0280,0.00,0.5115,0.5723,0.4615
55.850,0.7002,0.1776,0.0939,0.0274,0.00,0.5101,0.5706,0.4604
55.900,0.6989,0.1770,0.0978,0.0280,0.00,0.5009,0.5594,0.4528
55.950,0.6977,0.1766,0.1026,0.0264,0.00,0.5045,0.5637,0.4557
56.000,0.6964,0.1760,0.1063,0.0290,0.00,0.4840,0.5388,0.4387
56.050,0.6953,0.1755,0.1122,0.0240,0.00,0.5074,0.5672,0.4581
56.100,0.6937,0.1749,0.1149,0.0327,0.00,0.4513,0.4991,0.4113
56.150,0.6928,0.1745,0.1219,0.0214,0.00,0.5114,0.5722,0.4615
56.200,0.6914,0.1740,0.1259,0.0283,0.00,0.4631,0.5134,0.4212
56.250,0.6903,0.1735,0.1311,0.0258,0.00,0.4718,0.5239,0.4285
56.300,0.6889,0.1729,0.1350,0.0298,0.00,0.4421,0.4881,0.4036
56.350,0.6878,0.1725,0.1417,0.0229,0.00,0.4769,0.5301,0.4328
56.400,0.6863,0.1718,0.1441,0.0332,0.00,0.4114,0.4514,0.3776
56.450,0.6852,0.1714,0.1504,0.0238,0.00,0.4589,0.5084,0.4177
56.500,0.6838,0.1708,0.1543,0.0297,0.00,0.4181,0.4594,0.3833
56.550,0.6827,0.1703,0.1599,0.0241,0.00,0.4445,0.4910,0.4056
56.600,0.6813,0.1697,0.1628,0.0313,0.00,0.3976,0.4350,0.3658
56.650,0.6802,0.1693,0.1692,0.0222,0.00,0.4451,0.4918,0.4061
56.700,0.6788,0.1687,0.1720,0.0308,0.00,0.3888,0.4246,0.3583
56.750,0.6777,0.1682,0.1775,0.0242,0.00,0.4206,0.4624,0.3855
56.800,0.6763,0.1676,0.1806,0.0311,0.00,0.3752,0.4086,0.3467
56.850,0.6752,0.1672,0.1866,0.0233,0.00,0.4145,0.4551,0.3803
56.900,0.6737,0.1666,0.1892,0.0317,0.00,0.3609,0.3918,0.3343
56.950,0.6726,0.1661,0.1946,0.0245,0.00,0.3959,0.4330,0.3644
57.000,0.6712,0.1655,0.1979,0.0302,0.00,0.3576,0.3880,0.3315
57.050,0.6701,0.1650,0.2032,0.0243,0.00,0.3854,0.4206,0.3555
57.100,0.6686,0.1644,0.2055,0.0324,0.00,0.3347,0.3613,0.3116
57.150,0.6676,0.1639,0.2114,0.0225,0.00,0.3854,0.4206,0.3554
57.200,0.6661,0.1634,0.2141,0.0306,0.00,0.3330,0.3593,0.3101
57.250,0.6650,0.1629,0.2190,0.0250,0.00,0.3592,0.3898,0.3329
57.300,0.6635,0.1622,0.2214,0.0320,0.00,0.3153,0.3389,0.2946
57.350,0.6625,0.1618,0.2272,0.0229,0.00,0.3609,0.3918,0.3343
57.400,0.6610,0.1612,0.2292,0.0326,0.00,0.3014,0.3229,0.2824
57.450,0.6598,0.1606,0.2340,0.0257,0.00,0.3340,0.3604,0.3110
57.500,0.6584,0.1600,0.2371,0.0302,0.00,0.3033,0.3251,0.2841
57.550,0.6573,0.1595,0.2419,0.0247,0.00,0.3290,0.3547,0.3066
57.600,0.6558,0.1589,0.2435,0.0331,0.00,0.2782,0.2966,0.2619
57.650,0.6547,0.1584,0.2490,0.0226,0.00,0.3316,0.3577,0.3089
57.700,0.6533,0.1578,0.2512,0.0311,0.00,0.2785,0.2970,0.2622
57.750,0.6521,0.1573,0.2554,0.0256,0.00,0.3035,0.3254,0.2843
57.800,0.6507,0.1567,0.2576,0.0319,0.00,0.2646,0.2813,0.2498
57.850,0.6496,0.1562,0.2627,0.0234,0.00,0.3065,0.3288,0.2869
57.900,0.6480,0.1555,0.2639,0.0337,0.00,0.2454,0.2597,0.2326
57.950,0.6469,0.1550,0.2684,0.0256,0.00,0.2842,0.3034,0.2672
58.000,0.6455,0.1544,0.2710,0.0305,0.00,0.2520,0.2670,0.2385
58.050,0.6443,0.1539,0.2753,0.0250,0.00,0.2777,0.2961,0.2615
58.100,0.6428,0.1532,0.2766,0.0336,0.00,0.2268,0.2390,0.2158
58.150,0.6417,0.1527,0.2819,0.0232,0.00,0.2782,0.2966,0.2619
58.200,0.6403,0.1521,0.2839,0.0317,0.00,0.2266,0.2388,0.2156
58.250,0.6391,0.1516,0.2878,0.0258,0.00,0.2536,0.2688,0.2399
58.300,0.6376,0.1510,0.2894,0.0326,0.00,0.2132,0.2240,0.2034
58.350,0.6365,0.1505,0.2939,0.0242,0.00,0.2537,0.2690,0.2400
58.400,0.6350,0.1498,0.2949,0.0333,0.00,0.2009,0.2105,0.1922
58.450,0.6338,0.1493,0.2988,0.0253,0.00,0.2386,0.2521,0.2264
58.500,0.6324,0.1487,0.3006,0.0311,0.00,0.2033,0.2131,0.1944
58.550,0.6312,0.1481,0.3041,0.0262,0.00,0.2249,0.2369,0.2141
58.600,0.6298,0.1475,0.3054,0.0316,0.00,0.1923,0.2011,0.1843
58.650,0.6286,0.1470,0.3094,0.0248,0.00,0.2243,0.2363,0.2135
58.700,0.6271,0.1463,0.3102,0.0332,0.00,0.1765,0.1839,0.1697
58.750,0.6260,0.1458,0.3142,0.0246,0.00,0.2173,0.2285,0.2072
58.800,0.6245,0.1452,0.3153,0.0321,0.00,0.1735,0.1806,0.1669
58.850,0.6233,0.1446,0.3187,0.0260,0.00,0.2013,0.2109,0.1925
58.900,0.6219,0.1440,0.3198,0.0317,0.00,0.1674,0.1740,0.1612
58.950,0.6207,0.1435,0.3235,0.0253,0.00,0.1970,0.2062,0.1886
59.000,0.6192,0.1428,0.3242,0.0327,0.00,0.1550,0.1607,0.1497
59.050,0.6181,0.1423,0.3278,0.0250,0.00,0.1909,0.1995,0.1830
59.100,0.6166,0.1417,0.3286,0.0323,0.00,0.1489,0.1541,0.1440
59.150,0.6154,0.1411,0.3320,0.0256,0.00,0.1798,0.1874,0.1728
59.200,0.6140,0.1405,0.3328,0.0319,0.00,0.1435,0.1484,0.1390
59.250,0.6128,0.1400,0.3360,0.0256,0.00,0.1720,0.1790,0.1656
59.300,0.6114,0.1393,0.3366,0.0320,0.00,0.1358,0.1401,0.1317
59.350,0.6101,0.1388,0.3400,0.0264,0.00,0.1600,0.1661,0.1544
59.400,0.6088,0.1382,0.3408,0.0303,0.00,0.1367,0.1411,0.1326
59.450,0.6075,0.1377,0.3435,0.0276,0.00,0.1467,0.1517,0.1419
59.500,0.6061,0.1370,0.3447,0.0294,0.00,0.1339,0.1381,0.1300
59.550,0.6049,0.1365,0.3469,0.0281,0.00,0.1369,0.1413,0.1328
59.600,0.6035,0.1359,0.3482,0.0291,0.00,0.1284,0.1323,0.1247
59.650,0.6022,0.1353,0.3502,0.0284,0.00,0.1284,0.1323,0.1248
59.700,0.6009,0.1347,0.3517,0.0290,0.00,0.1221,0.1256,0.1188
59.750,0.5996,0.1342,0.3535,0.0286,0.00,0.1206,0.1240,0.1174
59.800,0.5983,0.1336,0.3549,0.0290,0.00,0.1157,0.1189,0.1128
59.850,0.5969,0.1330,0.3566,0.0288,0.00,0.1134,0.1164,0.1105
59.900,0.5956,0.1324,0.3580,0.0289,0.00,0.1093,0.1121,0.1066
59.950,0.5943,0.1318,0.3595,0.0288,0.00,0.1066,0.1092,0.1040
60.000,0.5930,0.1313,0.3609,0.0289,0.00,0.1029,0.1054,0.1005
60.050,0.5916,0.1307,0.3624,0.0289,0.00,0.1000,0.1023,0.0977
60.100,0.5903,0.1301,0.3637,0.0289,0.00,0.0966,0.0988,0.0945
60.150,0.5890,0.1295,0.3651,0.0289,0.00,0.0936,0.0956,0.0916
60.200,0.5877,0.1290,0.3664,0.0289,0.00,0.0904,0.0923,0.0885
60.250,0.5863,0.1284,0.3677,0.0289,0.00,0.0874,0.0891,0.0856
60.300,0.5850,0.1278,0.3689,0.0289,0.00,0.0842,0.0859,0.0827
60.350,0.5837,0.1272,0.3701,0.0289,0.00,0.0813,0.0828,0.0798
60.400,0.5824,0.1267,0.3713,0.0290,0.00,0.0782,0.0797,0.0769
60.450,0.5810,0.1261,0.3724,0.0290,0.00,0.0753,0.0766,0.0740
60.500,0.5797,0.1255,0.3736,0.0290,0.00,0.0724,0.0736,0.0712
60.550,0.5784,0.1249,0.3747,0.0290,0.00,0.0695,0.0706,0.0684
60.600,0.5770,0.1244,0.3757,0.0290,0.00,0.0666,0.0676,0.0656
60.650,0.5757,0.1238,0.3767,0.0290,0.00,0.0637,0.0647,0.0628
60.700,0.5744,0.1232,0.3778,0.0291,0.00,0.0604,0.0612,0.0595
60.750,0.5730,0.1226,0.3790,0.0293,0.00,0.0562,0.0569,0.0554
60.800,0.5717,0.1221,0.3805,0.0295,0.00,0.0523,0.0529,0.0516
60.850,0.5703,0.1215,0.3821,0.0295,0.00,0.0486,0.0491,0.0481
60.900,0.5690,0.1209,0.3836,0.0293,0.00,0.0461,0.0466,0.0456
60.950,0.5676,0.1203,0.3848,0.0293,0.00,0.0432,0.0436,0.0428
61.000,0.5663,0.1197,0.3859,0.0293,0.00,0.0406,0.0410,0.0402
61.050,0.5649,0.1191,0.3870,0.0292,0.00,0.0378,0.0381,0.0375
61.100,0.5636,0.1186,0.3880,0.0292,0.00,0.0350,0.0353,0.0347
61.150,0.5623,0.1180,0.3890,0.0292,0.00,0.0322,0.0324,0.0320
61.200,0.5609,0.1174,0.3901,0.0292,0.00,0.0294,0.0296,0.0292
61.250,0.5596,0.1168,0.3911,0.0292,0.00,0.0266,0.0267,0.0264
61.300,0.5582,0.1163,0.3921,0.0292,0.00,0.0237,0.0239,0.0236
61.350,0.5569,0.1157,0.3931,0.0292,0.00,0.0209,0.0210,0.0208
61.400,0.5556,0.1151,0.3940,0.0292,0.00,0.0181,0.0182,0.0180
61.450,0.5542,0.1145,0.3950,0.0292,0.00,0.0153,0.0154,0.0153
61.500,0.5529,0.1140,0.3959,0.0292,0.00,0.0126,0.0126,0.0125
61.550,0.5515,0.1134,0.3969,0.0292,0.00,0.0098,0.0098,0.0098
61.600,0.5502,0.1128,0.3978,0.0292,0.00,0.0071,0.0071,0.0070
61.650,0.5488,0.1122,0.3987,0.0292,0.00,0.0043,0.0043,0.0043
61.700,0.5475,0.1117,0.3996,0.0292,0.00,0.0016,0.0016,0.0016
61.750,0.5462,0.1111,0.4004,0.0292,0.00,-0.0011,-0.0011,-0.0011
61.800,0.5448,0.1105,0.4013,0.0292,0.00,-0.0038,-0.0038,-0.0038
61.850,0.5435,0.1099,0.4021,0.0292,0.00,-0.0064,-0.0064,-0.0064
61.900,0.5421,0.1094,0.4029,0.0292,0.00,-0.0091,-0.0091,-0.0091
61.950,0.5408,0.1088,0.4037,0.0292,0.00,-0.0117,-0.0117,-0.0117
62.000,0.5394,0.1082,0.4045,0.0292,0.00,-0.0143,-0.0143,-0.0144
62.050,0.5381,0.1077,0.4053,0.0292,0.00,-0.0169,-0.0168,-0.0170
62.100,0.5368,0.1071,0.4060,0.0292,0.00,-0.0195,-0.0194,-0.0196
62.150,0.5354,0.1065,0.4068,0.0292,0.00,-0.0221,-0.0219,-0.0222
62.200,0.5341,0.1060,0.4075,0.0292,0.00,-0.0246,-0.0245,-0.0247
62.250,0.5327,0.1054,0.4082,0.0292,0.00,-0.0271,-0.0270,-0.0273
62.300,0.5314,0.1048,0.4089,0.0292,0.00,-0.0297,-0.0295,-0.0299
62.350,0.5300,0.1043,0.4095,0.0291,0.00,-0.0322,-0.0319,-0.0324
62.400,0.5287,0.1037,0.4102,0.0291,0.00,-0.0346,-0.0344,-0.0349
62.450,0.5273,0.1032,0.4108,0.0291,0.00,-0.0371,-0.0368,-0.0374
62.500,0.5260,0.1026,0.4115,0.0291,0.00,-0.0396,-0.0392,-0.0399
62.550,0.5247,0.1020,0.4121,0.0291,0.00,-0.0420,-0.0416,-0.0424
62.600,0.5233,0.1015,0.4127,0.0291,0.00,-0.0444,-0.0440,-0.0449
62.650,0.5220,0.1009,0.4132,0.0291,0.00,-0.0468,-0.0463,-0.0473
62.700,0.5206,0.1004,0.4138,0.0291,0.00,-0.0492,-0.0486,-0.0498
62.750,0.5193,0.0998,0.4143,0.0291,0.00,-0.0516,-0.0510,-0.0522
62.800,0.5179,0.0992,0.4149,0.0291,0.00,-0.0539,-0.0533,-0.0546
62.850,0.5166,0.0987,0.4154,0.0291,0.00,-0.0563,-0.0555,-0.0570
62.900,0.5152,0.0981,0.4159,0.0291,0.00,-0.0586,-0.0578,-0.0594
62.950,0.5139,0.0976,0.4164,0.0291,0.00,-0.0609,-0.0600,-0.0617
63.000,0.5126,0.0970,0.4168,0.0291,0.00,-0.0632,-0.0623,-0.0641
63.050,0.5112,0.0965,0.4173,0.0291,0.00,-0.0655,-0.0645,-0.0664
63.100,0.5099,0.0959,0.4177,0.0291,0.00,-0.0677,-0.0667,-0.0688
63.150,0.5085,0.0954,0.4182,0.0291,0.00,-0.0700,-0.0689,-0.0711
63.200,0.5072,0.0948,0.4186,0.0291,0.00,-0.0722,-0.0710,-0.0734
63.250,0.5058,0.0943,0.4190,0.0291,0.00,-0.0744,-0.0731,-0.0757
63.300,0.5045,0.0937,0.4193,0.0291,0.00,-0.0766,-0.0753,-0.0780
63.350,0.5031,0.0932,0.4197,0.0291,0.00,-0.0788,-0.0774,-0.0802
63.400,0.5018,0.0927,0.4201,0.0290,0.00,-0.0809,-0.0795,-0.0825
63.450,0.5004,0.0921,0.4204,0.0290,0.00,-0.0831,-0.0815,-0.0847
63.500,0.4991,0.0916,0.4207,0.0290,0.00,-0.0852,-0.0836,-0.0869
63.550,0.4977,0.0910,0.4210,0.0290,0.00,-0.0873,-0.0856,-0.0891
63.600,0.4964,0.0905,0.4213,0.0290,0.00,-0.0894,-0.0877,-0.0913
63.650,0.4950,0.0899,0.4216,0.0290,0.00,-0.0915,-0.0897,-0.0935
63.700,0.4937,0.0894,0.4219,0.0290,0.00,-0.0936,-0.0916,-0.0957
63.750,0.4924,0.0889,0.4221,0.0290,0.00,-0.0957,-0.0936,-0.0978
63.800,0.4910,0.0883,0.4224,0.0290,0.00,-0.0977,-0.0956,-0.0999
63.850,0.4897,0.0878,0.4226,0.0290,0.00,-0.0997,-0.0975,-0.1021
63.900,0.4883,0.0873,0.4228,0.0290,0.00,-0.1017,-0.0994,-0.1042
63.950,0.4870,0.0867,0.4230,0.0290,0.00,-0.1037,-0.1013,-0.1063
64.000,0.4856,0.0862,0.4232,0.0290,0.00,-0.1057,-0.1032,-0.1083
64.050,0.4843,0.0857,0.4234,0.0290,0.00,-0.1077,-0.1051,-0.1104
64.100,0.4829,0.0852,0.4235,0.0290,0.00,-0.1096,-0.1070,-0.1124
64.150,0.4816,0.0846,0.4237,0.0290,0.00,-0.1116,-0.1088,-0.1145
64.200,0.4802,0.0841,0.4238,0.0289,0.00,-0.1135,-0.1106,-0.1165
64.250,0.4789,0.0836,0.4239,0.0289,0.00,-0.1154,-0.1124,-0.1185
64.300,0.4775,0.0831,0.4240,0.0289,0.00,-0.1173,-0.1142,-0.1205
64.350,0.4762,0.0825,0.4241,0.0289,0.00,-0.1191,-0.1160,-0.1225
64.400,0.4748,0.0820,0.4242,0.0289,0.00,-0.1210,-0.1178,-0.1244
64.450,0.4735,0.0815,0.4243,0.0289,0.00,-0.1228,-0.1195,-0.1264
64.500,0.4721,0.0810,0.4243,0.0289,0.00,-0.1247,-0.1212,-0.1283
64.550,0.4708,0.0805,0.4244,0.0289,0.00,-0.1265,-0.1229,-0.1302
64.600,0.4694,0.0799,0.4244,0.0289,0.00,-0.1283,-0.1246,-0.1322
64.650,0.4681,0.0794,0.4244,0.0289,0.00,-0.1301,-0.1263,-0.1340
64.700,0.4667,0.0789,0.4244,0.0289,0.00,-0.1318,-0.1280,-0.1359
64.750,0.4654,0.0784,0.4244,0.0289,0.00,-0.1336,-0.1296,-0.1378
64.800,0.4640,0.0779,0.4244,0.0289,0.00,-0.1353,-0.1313,-0.1396
64.850,0.4627,0.0774,0.4244,0.0288,0.00,-0.1370,-0.1329,-0.1414
64.900,0.4613,0.0769,0.4244,0.0288,0.00,-0.1387,-0.1345,-0.1432
64.950,0.4600,0.0764,0.4243,0.0288,0.00,-0.1404,-0.1361,-0.1451
65.000,0.4586,0.0759,0.4242,0.0288,0.00,-0.1421,-0.1376,-0.1469
65.050,0.4573,0.0754,0.4242,0.0288,0.00,-0.1438,-0.1392,-0.1486
65.100,0.4559,0.0749,0.4241,0.0288,0.00,-0.1454,-0.1408,-0.1504
65.150,0.4546,0.0744,0.4240,0.0288,0.00,-0.1471,-0.1423,-0.1522
65.200,0.4532,0.0739,0.4239,0.0288,0.00,-0.1487,-0.1439,-0.1539
65.250,0.4519,0.0734,0.4238,0.0288,0.00,-0.1503,-0.1454,-0.1557
65.300,0.4505,0.0729,0.4237,0.0288,0.00,-0.1520,-0.1469,-0.1574
65.350,0.4492,0.0724,0.4235,0.0288,0.00,-0.1535,-0.1484,-0.1591
65.400,0.4478,0.0719,0.4234,0.0288,0.00,-0.1551,-0.1498,-0.1608
65.450,0.4465,0.0714,0.4232,0.0287,0.00,-0.1567,-0.1513,-0.1625
65.500,0.4451,0.0709,0.4231,0.0287,0.00,-0.1582,-0.1527,-0.1641
65.550,0.4438,0.0704,0.4229,0.0287,0.00,-0.1598,-0.1542,-0.1658
65.600,0.4424,0.0699,0.4227,0.0287,0.00,-0.1613,-0.1556,-0.1674
65.650,0.4411,0.0694,0.4225,0.0287,0.00,-0.1628,-0.1570,-0.1690
65.700,0.4397,0.0690,0.4223,0.0287,0.00,-0.1643,-0.1584,-0.1707
65.750,0.4384,0.0685,0.4220,0.0287,0.00,-0.1658,-0.1597,-0.1722
65.800,0.4370,0.0680,0.4218,0.0287,0.00,-0.1672,-0.1611,-0.1738
65.850,0.4357,0.0675,0.4216,0.0287,0.00,-0.1687,-0.1625,-0.1754
65.900,0.4343,0.0670,0.4213,0.0287,0.00,-0.1701,-0.1638,-0.1769
65.950,0.4330,0.0665,0.4210,0.0287,0.00,-0.1715,-0.1651,-0.1785
66.000,0.4316,0.0661,0.4207,0.0287,0.00,-0.1729,-0.1664,-0.1800
66.050,0.4303,0.0656,0.4205,0.0287,0.00,-0.1743,-0.1677,-0.1815
66.100,0.4289,0.0651,0.4202,0.0287,0.00,-0.1757,-0.1690,-0.1830
66.150,0.4276,0.0647,0.4198,0.0287,0.00,-0.1771,-0.1702,-0.1845
66.200,0.4262,0.0642,0.4195,0.0286,0.00,-0.1784,-0.1715,-0.1859
66.250,0.4248,0.0637,0.4192,0.0286,0.00,-0.1798,-0.1727,-0.1874
66.300,0.4235,0.0632,0.4188,0.0286,0.00,-0.1811,-0.1739,-0.1888
66.350,0.4221,0.0628,0.4185,0.0286,0.00,-0.1824,-0.1751,-0.1902
66.400,0.4208,0.0623,0.4181,0.0286,0.00,-0.1837,-0.1763,-0.1917
66.450,0.4194,0.0618,0.4178,0.0286,0.00,-0.1850,-0.1775,-0.1930
66.500,0.4181,0.0614,0.4174,0.0286,0.00,-0.1862,-0.1787,-0.1944
66.550,0.4167,0.0609,0.4170,0.0286,0.00,-0.1875,-0.1798,-0.1958
66.600,0.4154,0.0605,0.4166,0.0286,0.00,-0.1887,-0.1810,-0.1971
66.650,0.4140,0.0600,0.4162,0.0286,0.00,-0.1899,-0.1821,-0.1985
66.700,0.4127,0.0596,0.4157,0.0286,0.00,-0.1912,-0.1832,-0.1998
66.750,0.4113,0.0591,0.4153,0.0286,0.00,-0.1924,-0.1843,-0.2011
66.800,0.4100,0.0586,0.4149,0.0286,0.00,-0.1935,-0.1854,-0.2024
66.850,0.4086,0.0582,0.4144,0.0286,0.00,-0.1947,-0.1865,-0.2037
66.900,0.4072,0.0577,0.4140,0.0285,0.00,-0.1959,-0.1876,-0.2049
66.950,0.4059,0.0573,0.4135,0.0285,0.00,-0.1970,-0.1886,-0.2062
67.000,0.4045,0.0569,0.4130,0.0285,0.00,-0.1981,-0.1896,-0.2074
67.050,0.4032,0.0564,0.4125,0.0285,0.00,-0.1993,-0.1907,-0.2087
67.100,0.4018,0.0560,0.4120,0.0285,0.00,-0.2004,-0.1917,-0.2099
67.150,0.4005,0.0555,0.4115,0.0285,0.00,-0.2015,-0.1927,-0.2111
67.200,0.3991,0.0551,0.4110,0.0285,0.00,-0.2025,-0.1937,-0.2122
67.250,0.3978,0.0546,0.4105,0.0285,0.00,-0.2036,-0.1946,-0.2134
67.300,0.3964,0.0542,0.4099,0.0285,0.00,-0.2046,-0.1956,-0.2146
67.350,0.3950,0.0538,0.4094,0.0285,0.00,-0.2057,-0.1965,-0.2157
67.400,0.3937,0.0533,0.4088,0.0285,0.00,-0.2067,-0.1975,-0.2168
67.450,0.3923,0.0529,0.4083,0.0285,0.00,-0.2077,-0.1984,-0.2179
67.500,0.3910,0.0525,0.4077,0.0285,0.00,-0.2087,-0.1993,-0.2190
67.550,0.3896,0.0520,0.4071,0.0285,0.00,-0.2097,-0.2002,-0.2201
67.600,0.3883,0.0516,0.4065,0.0285,0.00,-0.2107,-0.2011,-0.2212
67.650,0.3869,0.0512,0.4059,0.0285,0.00,-0.2116,-0.2020,-0.2222
67.700,0.3855,0.0508,0.4053,0.0284,0.00,-0.2126,-0.2028,-0.2233
67.750,0.3842,0.0503,0.4047,0.0284,0.00,-0.2135,-0.2037,-0.2243
67.800,0.3828,0.0499,0.4041,0.0284,0.00,-0.2144,-0.2045,-0.2253
67.850,0.3815,0.0495,0.4035,0.0284,0.00,-0.2153,-0.2054,-0.2263
67.900,0.3801,0.0491,0.4028,0.0284,0.00,-0.2162,-0.2062,-0.2273
67.950,0.3788,0.0487,0.4022,0.0284,0.00,-0.2171,-0.2070,-0.2283
68.000,0.3774,0.0483,0.4016,0.0284,0.00,-0.2180,-0.2078,-0.2292
68.050,0.3760,0.0478,0.4009,0.0284,0.00,-0.2188,-0.2085,-0.2302
68.100,0.3747,0.0474,0.4002,0.0284,0.00,-0.2197,-0.2093,-0.2311
68.150,0.3733,0.0470,0.3995,0.0284,0.00,-0.2205,-0.2101,-0.2320
68.200,0.3720,0.0466,0.3989,0.0284,0.00,-0.2213,-0.2108,-0.2330
68.250,0.3706,0.0462,0.3982,0.0284,0.00,-0.2221,-0.2115,-0.2338
68.300,0.3692,0.0458,0.3975,0.0284,0.00,-0.2229,-0.2123,-0.2347
68.350,0.3679,0.0454,0.3968,0.0284,0.00,-0.2237,-0.2130,-0.2356
68.400,0.3665,0.0450,0.3961,0.0284,0.00,-0.2245,-0.2137,-0.2364
68.450,0.3652,0.0446,0.3953,0.0284,0.00,-0.2253,-0.2144,-0.2373
68.500,0.3638,0.0442,0.3946,0.0284,0.00,-0.2260,-0.2150,-0.2381
68.550,0.3624,0.0438,0.3939,0.0284,0.00,-0.2267,-0.2157,-0.2389
68.600,0.3611,0.0434,0.3931,0.0283,0.00,-0.2275,-0.2164,-0.2397
68.650,0.3597,0.0430,0.3924,0.0283,0.00,-0.2282,-0.2170,-0.2405
68.700,0.3584,0.0426,0.3916,0.0283,0.00,-0.2289,-0.2176,-0.2413
68.750,0.3570,0.0422,0.3909,0.0283,0.00,-0.2296,-0.2183,-0.2421
68.800,0.3556,0.0418,0.3901,0.0283,0.00,-0.2302,-0.2189,-0.2428
68.850,0.3543,0.0414,0.3893,0.0283,0.00,-0.2309,-0.2195,-0.2435
68.900,0.3529,0.0411,0.3886,0.0284,0.00,-0.2316,-0.2201,-0.2444
68.950,0.3515,0.0407,0.3878,0.0284,0.00,-0.2323,-0.2208,-0.2451
69.000,0.3502,0.0403,0.3870,0.0284,0.00,-0.2330,-0.2214,-0.2459
69.050,0.3488,0.0399,0.3863,0.0284,0.00,-0.2337,-0.2220,-0.2467
69.100,0.3474,0.0395,0.3855,0.0284,0.00,-0.2343,-0.2226,-0.2474
69.150,0.3461,0.0391,0.3847,0.0284,0.00,-0.2350,-0.2232,-0.2481
69.200,0.3447,0.0388,0.3839,0.0284,0.00,-0.2356,-0.2237,-0.2488
69.250,0.3433,0.0384,0.3831,0.0284,0.00,-0.2362,-0.2243,-0.2494
69.300,0.3420,0.0380,0.3823,0.0284,0.00,-0.2368,-0.2248,-0.2501
69.350,0.3406,0.0376,0.3814,0.0284,0.00,-0.2374,-0.2254,-0.2508
69.400,0.3392,0.0373,0.3806,0.0285,0.00,-0.2381,-0.2260,-0.2515
69.450,0.3378,0.0369,0.3798,0.0285,0.00,-0.2387,-0.2265,-0.2522
69.500,0.3365,0.0365,0.3790,0.0285,0.00,-0.2393,-0.2270,-0.2528
69.550,0.3351,0.0362,0.3782,0.0285,0.00,-0.2398,-0.2275,-0.2535
69.600,0.3337,0.0358,0.3774,0.0285,0.00,-0.2404,-0.2280,-0.2541
69.650,0.3323,0.0354,0.3766,0.0285,0.00,-0.2409,-0.2285,-0.2547
69.700,0.3310,0.0351,0.3757,0.0285,0.00,-0.2414,-0.2290,-0.2553
69.750,0.3296,0.0347,0.3749,0.0285,0.00,-0.2419,-0.2294,-0.2558
69.800,0.3282,0.0344,0.3740,0.0285,0.00,-0.2424,-0.2299,-0.2564
69.850,0.3268,0.0340,0.3732,0.0284,0.00,-0.2429,-0.2303,-0.2569
69.900,0.3255,0.0336,0.3723,0.0284,0.00,-0.2433,-0.2307,-0.2574
69.950,0.3241,0.0333,0.3714,0.0284,0.00,-0.2438,-0.2311,-0.2579
70.000,0.3227,0.0329,0.3705,0.0284,0.00,-0.2442,-0.2315,-0.2584
70.050,0.3213,0.0326,0.3696,0.0284,0.00,-0.2447,-0.2319,-0.2589
70.100,0.3200,0.0322,0.3687,0.0284,0.00,-0.2451,-0.2323,-0.2593
70.150,0.3186,0.0319,0.3678,0.0284,0.00,-0.2455,-0.2327,-0.2598
70.200,0.3172,0.0315,0.3669,0.0284,0.00,-0.2459,-0.2330,-0.2603
70.250,0.3158,0.0312,0.3660,0.0284,0.00,-0.2463,-0.2334,-0.2607
70.300,0.3144,0.0308,0.3651,0.0284,0.00,-0.2467,-0.2337,-0.2611
70.350,0.3131,0.0305,0.3642,0.0284,0.00,-0.2470,-0.2340,-0.2615
70.400,0.3117,0.0302,0.3633,0.0284,0.00,-0.2474,-0.2344,-0.2619
70.450,0.3103,0.0298,0.3624,0.0284,0.00,-0.2477,-0.2347,-0.2623
70.500,0.3089,0.0295,0.3614,0.0284,0.00,-0.2481,-0.2350,-0.2627
70.550,0.3076,0.0291,0.3605,0.0284,0.00,-0.2484,-0.2353,-0.2631
70.600,0.3062,0.0288,0.3595,0.0284,0.00,-0.2487,-0.2355,-0.2634
70.650,0.3048,0.0285,0.3586,0.0284,0.00,-0.2490,-0.2358,-0.2637
70.700,0.3034,0.0281,0.3576,0.0284,0.00,-0.2493,-0.2361,-0.2641
70.750,0.3020,0.0278,0.3567,0.0284,0.00,-0.2496,-0.2363,-0.2644
70.800,0.3007,0.0275,0.3557,0.0284,0.00,-0.2499,-0.2366,-0.2647
70.850,0.2993,0.0272,0.3548,0.0284,0.00,-0.2501,-0.2368,-0.2650
70.900,0.2979,0.0268,0.3538,0.0284,0.00,-0.2504,-0.2371,-0.2653
70.950,0.2965,0.0265,0.3528,0.0284,0.00,-0.2507,-0.2373,-0.2656
71.000,0.2951,0.0262,0.3518,0.0284,0.00,-0.2509,-0.2375,-0.2658
71.050,0.2937,0.0259,0.3509,0.0284,0.00,-0.2511,-0.2377,-0.2661
71.100,0.2924,0.0256,0.3499,0.0284,0.00,-0.2513,-0.2379,-0.2663
71.150,0.2910,0.0252,0.3489,0.0284,0.00,-0.2515,-0.2381,-0.2666
71.200,0.2896,0.0249,0.3479,0.0284,0.00,-0.2518,-0.2383,-0.2668
71.250,0.2882,0.0246,0.3469,0.0284,0.00,-0.2519,-0.2384,-0.2670
71.300,0.2868,0.0243,0.3459,0.0284,0.00,-0.2521,-0.2386,-0.2672
71.350,0.2855,0.0240,0.3449,0.0284,0.00,-0.2523,-0.2388,-0.2674
71.400,0.2841,0.0237,0.3439,0.0283,0.00,-0.2525,-0.2389,-0.2676
71.450,0.2827,0.0234,0.3429,0.0283,0.00,-0.2526,-0.2390,-0.2678
71.500,0.2813,0.0231,0.3418,0.0283,0.00,-0.2528,-0.2392,-0.2679
71.550,0.2799,0.0228,0.3408,0.0283,0.00,-0.2529,-0.2393,-0.2681
71.600,0.2785,0.0225,0.3398,0.0283,0.00,-0.2530,-0.2394,-0.2682
71.650,0.2771,0.0222,0.3388,0.0283,0.00,-0.2531,-0.2395,-0.2683
71.700,0.2758,0.0219,0.3377,0.0283,0.00,-0.2532,-0.2396,-0.2685
71.750,0.2744,0.0216,0.3367,0.0283,0.00,-0.2533,-0.2397,-0.2686
71.800,0.2730,0.0213,0.3357,0.0283,0.00,-0.2534,-0.2398,-0.2687
71.850,0.2716,0.0210,0.3346,0.0283,0.00,-0.2535,-0.2399,-0.2688
71.900,0.2702,0.0207,0.3336,0.0283,0.00,-0.2536,-0.2399,-0.2689
71.950,0.2688,0.0204,0.3325,0.0283,0.00,-0.2536,-0.2400,-0.2689
72.000,0.2674,0.0201,0.3315,0.0283,0.00,-0.2537,-0.2400,-0.2690
72.050,0.2661,0.0198,0.3304,0.0283,0.00,-0.2538,-0.2401,-0.2690
72.100,0.2647,0.0195,0.3294,0.0283,0.00,-0.2538,-0.2401,-0.2691
72.150,0.2633,0.0192,0.3283,0.0283,0.00,-0.2538,-0.2401,-0.2691
72.200,0.2619,0.0189,0.3273,0.0283,0.00,-0.2539,-0.2402,-0.2692
72.250,0.2605,0.0187,0.3262,0.0283,0.00,-0.2539,-0.2402,-0.2692
72.300,0.2591,0.0184,0.3251,0.0283,0.00,-0.2539,-0.2402,-0.2692
72.350,0.2577,0.0181,0.3241,0.0283,0.00,-0.2539,-0.2402,-0.2692
72.400,0.2563,0.0178,0.3230,0.0283,0.00,-0.2539,-0.2402,-0.2692
72.450,0.2550,0.0175,0.3220,0.0283,0.00,-0.2539,-0.2402,-0.2692
72.500,0.2536,0.0173,0.3209,0.0283,0.00,-0.2539,-0.2402,-0.2692
72.550,0.2522,0.0170,0.3199,0.0283,0.00,-0.2539,-0.2402,-0.2692
72.600,0.2508,0.0167,0.3189,0.0283,0.00,-0.2539,-0.2402,-0.2693
72.650,0.2494,0.0164,0.3178,0.0283,0.00,-0.2539,-0.2402,-0.2693
72.700,0.2480,0.0162,0.3168,0.0283,0.00,-0.2539,-0.2402,-0.2692
72.750,0.2466,0.0159,0.3157,0.0283,0.00,-0.2539,-0.2402,-0.2692
72.800,0.2452,0.0156,0.3147,0.0283,0.00,-0.2539,-0.2402,-0.2692
72.850,0.2438,0.0154,0.3136,0.0283,0.00,-0.2539,-0.2402,-0.2692
72.900,0.2424,0.0151,0.3126,0.0283,0.00,-0.2538,-0.2401,-0.2691
72.950,0.2411,0.0148,0.3115,0.0283,0.00,-0.2538,-0.2401,-0.2691
73.000,0.2397,0.0146,0.3105,0.0283,0.00,-0.2537,-0.2400,-0.2690
73.050,0.2383,0.0143,0.3094,0.0283,0.00,-0.2537,-0.2400,-0.2689
73.100,0.2369,0.0141,0.3084,0.0283,0.00,-0.2536,-0.2399,-0.2689
73.150,0.2355,0.0138,0.3073,0.0283,0.00,-0.2535,-0.2399,-0.2688
73.200,0.2341,0.0135,0.3063,0.0283,0.00,-0.2534,-0.2398,-0.2687
73.250,0.2327,0.0133,0.3052,0.0283,0.00,-0.2533,-0.2397,-0.2686
73.300,0.2313,0.0130,0.3041,0.0283,0.00,-0.2532,-0.2396,-0.2685
73.350,0.2299,0.0128,0.3031,0.0283,0.00,-0.2531,-0.2395,-0.2684
73.400,0.2285,0.0125,0.3020,0.0283,0.00,-0.2530,-0.2394,-0.2682
73.450,0.2271,0.0123,0.3009,0.0283,0.00,-0.2529,-0.2393,-0.2681
73.500,0.2257,0.0120,0.2999,0.0283,0.00,-0.2528,-0.2392,-0.2680
73.550,0.2243,0.0118,0.2988,0.0283,0.00,-0.2527,-0.2391,-0.2678
73.600,0.2229,0.0115,0.2977,0.0283,0.00,-0.2525,-0.2390,-0.2677
73.650,0.2215,0.0113,0.2966,0.0283,0.00,-0.2524,-0.2388,-0.2675
73.700,0.2202,0.0111,0.2956,0.0283,0.00,-0.2522,-0.2387,-0.2673
73.750,0.2188,0.0108,0.2945,0.0283,0.00,-0.2520,-0.2385,-0.2671
73.800,0.2174,0.0106,0.2934,0.0283,0.00,-0.2519,-0.2384,-0.2669
73.850,0.2160,0.0103,0.2923,0.0283,0.00,-0.2517,-0.2382,-0.2667
73.900,0.2146,0.0101,0.2912,0.0283,0.00,-0.2515,-0.2381,-0.2665
73.950,0.2132,0.0099,0.2901,0.0283,0.00,-0.2513,-0.2379,-0.2663
74.000,0.2118,0.0096,0.2890,0.0283,0.00,-0.2511,-0.2377,-0.2661
74.050,0.2104,0.0094,0.2880,0.0283,0.00,-0.2509,-0.2375,-0.2659
74.100,0.2090,0.0092,0.2869,0.0283,0.00,-0.2507,-0.2374,-0.2657
74.150,0.2076,0.0089,0.2858,0.0283,0.00,-0.2505,-0.2372,-0.2654
74.200,0.2062,0.0087,0.2847,0.0283,0.00,-0.2503,-0.2370,-0.2652
74.250,0.2048,0.0085,0.2836,0.0283,0.00,-0.2501,-0.2368,-0.2649
74.300,0.2034,0.0083,0.2825,0.0283,0.00,-0.2498,-0.2366,-0.2647
74.350,0.2020,0.0080,0.2814,0.0283,0.00,-0.2496,-0.2363,-0.2644
74.400,0.2006,0.0078,0.2803,0.0283,0.00,-0.2493,-0.2361,-0.2641
74.450,0.1992,0.0076,0.2792,0.0283,0.00,-0.2491,-0.2359,-0.2638
74.500,0.1978,0.0074,0.2781,0.0283,0.00,-0.2488,-0.2357,-0.2635
74.550,0.1964,0.0072,0.2770,0.0283,0.00,-0.2486,-0.2354,-0.2632
74.600,0.1950,0.0069,0.2759,0.0283,0.00,-0.2483,-0.2352,-0.2629
74.650,0.1936,0.0067,0.2748,0.0283,0.00,-0.2480,-0.2349,-0.2626
74.700,0.1922,0.0065,0.2737,0.0283,0.00,-0.2477,-0.2347,-0.2623
74.750,0.1908,0.0063,0.2726,0.0284,0.00,-0.2474,-0.2344,-0.2620
74.800,0.1894,0.0061,0.2715,0.0284,0.00,-0.2472,-0.2341,-0.2617
74.850,0.1880,0.0059,0.2704,0.0284,0.00,-0.2469,-0.2339,-0.2613
74.900,0.1866,0.0057,0.2693,0.0284,0.00,-0.2466,-0.2336,-0.2610
74.950,0.1852,0.0055,0.2681,0.0284,0.00,-0.2462,-0.2333,-0.2606
75.000,0.1838,0.0053,0.2670,0.0284,0.00,-0.2459,-0.2330,-0.2603
75.050,0.1824,0.0050,0.2659,0.0284,0.00,-0.2456,-0.2327,-0.2599
75.100,0.1810,0.0048,0.2648,0.0284,0.00,-0.2453,-0.2325,-0.2596
75.150,0.1796,0.0046,0.2637,0.0284,0.00,-0.2449,-0.2322,-0.2592
75.200,0.1782,0.0044,0.2626,0.0284,0.00,-0.2446,-0.2318,-0.2588
75.250,0.1768,0.0042,0.2615,0.0284,0.00,-0.2443,-0.2315,-0.2584
75.300,0.1753,0.0040,0.2604,0.0284,0.00,-0.2439,-0.2312,-0.2580
75.350,0.1739,0.0038,0.2593,0.0284,0.00,-0.2435,-0.2309,-0.2576
75.400,0.1725,0.0036,0.2582,0.0284,0.00,-0.2432,-0.2306,-0.2572
75.450,0.1711,0.0035,0.2570,0.0284,0.00,-0.2428,-0.2302,-0.2568
75.500,0.1697,0.0033,0.2559,0.0284,0.00,-0.2425,-0.2299,-0.2564
75.550,0.1683,0.0031,0.2548,0.0284,0.00,-0.2421,-0.2296,-0.2560
75.600,0.1669,0.0029,0.2537,0.0284,0.00,-0.2417,-0.2292,-0.2556
75.650,0.1655,0.0027,0.2526,0.0284,0.00,-0.2413,-0.2289,-0.2551
75.700,0.1641,0.0025,0.2515,0.0284,0.00,-0.2409,-0.2285,-0.2547
75.750,0.1627,0.0023,0.2504,0.0284,0.00,-0.2405,-0.2282,-0.2543
75.800,0.1613,0.0021,0.2493,0.0284,0.00,-0.2401,-0.2278,-0.2538
75.850,0.1599,0.0019,0.2481,0.0284,0.00,-0.2397,-0.2275,-0.2534
75.900,0.1585,0.0018,0.2470,0.0284,0.00,-0.2393,-0.2271,-0.2529
75.950,0.1571,0.0016,0.2459,0.0284,0.00,-0.2389,-0.2267,-0.2525
76.000,0.1556,0.0014,0.2448,0.0284,0.00,-0.2385,-0.2263,-0.2520
76.050,0.1542,0.0012,0.2437,0.0284,0.00,-0.2381,-0.2260,-0.2515
76.100,0.1528,0.0010,0.2426,0.0284,0.00,-0.2376,-0.2256,-0.2511
76.150,0.1514,0.0009,0.2415,0.0284,0.00,-0.2372,-0.2252,-0.2506
76.200,0.1500,0.0007,0.2404,0.0284,0.00,-0.2368,-0.2248,-0.2501
76.250,0.1486,0.0005,0.2393,0.0284,0.00,-0.2363,-0.2244,-0.2496
76.300,0.1472,0.0003,0.2381,0.0284,0.00,-0.2359,-0.2240,-0.2491
76.350,0.1458,0.0002,0.2370,0.0284,0.00,-0.2355,-0.2236,-0.2486
76.400,0.1444,-0.0000,0.2359,0.0284,0.00,-0.2350,-0.2232,-0.2481
76.450,0.1429,-0.0002,0.2348,0.0284,0.00,-0.2346,-0.2228,-0.2476
76.500,0.1415,-0.0004,0.2337,0.0285,0.00,-0.2341,-0.2224,-0.2471
76.550,0.1401,-0.0005,0.2326,0.0285,0.00,-0.2336,-0.2220,-0.2466
76.600,0.1387,-0.0007,0.2315,0.0285,0.00,-0.2332,-0.2215,-0.2461
76.650,0.1373,-0.0009,0.2304,0.0285,0.00,-0.2327,-0.2211,-0.2455
76.700,0.1359,-0.0010,0.2293,0.0285,0.00,-0.2322,-0.2207,-0.2450
76.750,0.1345,-0.0012,0.2282,0.0285,0.00,-0.2317,-0.2202,-0.2445
76.800,0.1331,-0.0014,0.2271,0.0285,0.00,-0.2313,-0.2198,-0.2439
76.850,0.1316,-0.0015,0.2260,0.0285,0.00,-0.2308,-0.2194,-0.2434
76.900,0.1302,-0.0017,0.2249,0.0285,0.00,-0.2303,-0.2189,-0.2429
76.950,0.1288,-0.0018,0.2238,0.0285,0.00,-0.2298,-0.2185,-0.2423
77.000,0.1274,-0.0020,0.2227,0.0285,0.00,-0.2293,-0.2180,-0.2417
77.050,0.1260,-0.0021,0.2215,0.0285,0.00,-0.2287,-0.2175,-0.2411
77.100,0.1246,-0.0023,0.2203,0.0284,0.00,-0.2281,-0.2169,-0.2404
77.150,0.1231,-0.0024,0.2191,0.0285,0.00,-0.2275,-0.2164,-0.2398
77.200,0.1217,-0.0026,0.2179,0.0284,0.00,-0.2269,-0.2158,-0.2391
77.250,0.1203,-0.0027,0.2168,0.0285,0.00,-0.2262,-0.2153,-0.2384
77.300,0.1189,-0.0029,0.2156,0.0285,0.00,-0.2257,-0.2147,-0.2377
77.350,0.1175,-0.0030,0.2145,0.0286,0.00,-0.2251,-0.2143,-0.2372
77.400,0.1161,-0.0032,0.2134,0.0286,0.00,-0.2246,-0.2138,-0.2366
77.450,0.1146,-0.0034,0.2123,0.0287,0.00,-0.2241,-0.2133,-0.2360
77.500,0.1132,-0.0035,0.2111,0.0287,0.00,-0.2235,-0.2128,-0.2354
77.550,0.1118,-0.0037,0.2100,0.0287,0.00,-0.2230,-0.2123,-0.2348
77.600,0.1104,-0.0038,0.2089,0.0287,0.00,-0.2224,-0.2118,-0.2342
77.650,0.1089,-0.0040,0.2078,0.0287,0.00,-0.2219,-0.2113,-0.2336
77.700,0.1075,-0.0041,0.2067,0.0287,0.00,-0.2214,-0.2108,-0.2330
77.750,0.1061,-0.0042,0.2056,0.0287,0.00,-0.2208,-0.2103,-0.2324
77.800,0.1046,-0.0044,0.2045,0.0287,0.00,-0.2203,-0.2098,-0.2318
77.850,0.1032,-0.0045,0.2034,0.0287,0.00,-0.2197,-0.2093,-0.2312
77.900,0.1018,-0.0047,0.2023,0.0287,0.00,-0.2192,-0.2088,-0.2306
77.950,0.1004,-0.0048,0.2012,0.0287,0.00,-0.2186,-0.2083,-0.2299
78.000,0.0989,-0.0050,0.2001,0.0287,0.00,-0.2181,-0.2078,-0.2293
78.050,0.0975,-0.0051,0.1990,0.0287,0.00,-0.2175,-0.2073,-0.2287
78.100,0.0961,-0.0052,0.1979,0.0288,0.00,-0.2169,-0.2068,-0.2281
78.150,0.0946,-0.0054,0.1968,0.0288,0.00,-0.2163,-0.2063,-0.2274
78.200,0.0932,-0.0055,0.1957,0.0288,0.00,-0.2158,-0.2057,-0.2268
78.250,0.0918,-0.0057,0.1946,0.0288,0.00,-0.2152,-0.2052,-0.2262
78.300,0.0903,-0.0058,0.1935,0.0288,0.00,-0.2146,-0.2047,-0.2255
78.350,0.0889,-0.0059,0.1924,0.0288,0.00,-0.2140,-0.2042,-0.2249
78.400,0.0875,-0.0061,0.1913,0.0288,0.00,-0.2134,-0.2036,-0.2242
78.450,0.0860,-0.0062,0.1902,0.0288,0.00,-0.2128,-0.2031,-0.2236
78.500,0.0846,-0.0063,0.1891,0.0288,0.00,-0.2123,-0.2025,-0.2229
78.550,0.0832,-0.0065,0.1880,0.0288,0.00,-0.2117,-0.2020,-0.2223
78.600,0.0817,-0.0066,0.1869,0.0288,0.00,-0.2111,-0.2015,-0.2216
78.650,0.0803,-0.0067,0.1858,0.0288,0.00,-0.2105,-0.2009,-0.2210
78.700,0.0788,-0.0068,0.1847,0.0288,0.00,-0.2099,-0.2004,-0.2203
78.750,0.0774,-0.0070,0.1837,0.0288,0.00,-0.2093,-0.1998,-0.2196
78.800,0.0760,-0.0071,0.1826,0.0288,0.00,-0.2086,-0.1993,-0.2190
78.850,0.0745,-0.0072,0.1815,0.0288,0.00,-0.2080,-0.1987,-0.2183
78.900,0.0731,-0.0073,0.1804,0.0288,0.00,-0.2074,-0.1981,-0.2176
78.950,0.0717,-0.0075,0.1793,0.0288,0.00,-0.2068,-0.1976,-0.2169
79.000,0.0702,-0.0076,0.1783,0.0288,0.00,-0.2062,-0.1970,-0.2163
79.050,0.0688,-0.0077,0.1772,0.0288,0.00,-0.2056,-0.1964,-0.2156
79.100,0.0674,-0.0078,0.1761,0.0288,0.00,-0.2049,-0.1959,-0.2149
79.150,0.0659,-0.0079,0.1750,0.0288,0.00,-0.2043,-0.1953,-0.2142
79.200,0.0645,-0.0080,0.1740,0.0289,0.00,-0.2037,-0.1947,-0.2135
79.250,0.0630,-0.0082,0.1729,0.0289,0.00,-0.2031,-0.1941,-0.2128
79.300,0.0616,-0.0083,0.1718,0.0289,0.00,-0.2024,-0.1936,-0.2121
79.350,0.0602,-0.0084,0.1708,0.0289,0.00,-0.2018,-0.1930,-0.2114
79.400,0.0587,-0.0085,0.1697,0.0289,0.00,-0.2012,-0.1924,-0.2107
79.450,0.0573,-0.0086,0.1686,0.0289,0.00,-0.2005,-0.1918,-0.2100
79.500,0.0558,-0.0087,0.1676,0.0289,0.00,-0.1999,-0.1912,-0.2093
79.550,0.0544,-0.0088,0.1665,0.0289,0.00,-0.1992,-0.1906,-0.2086
79.600,0.0530,-0.0089,0.1655,0.0289,0.00,-0.1986,-0.1901,-0.2079
79.650,0.0515,-0.0090,0.1644,0.0289,0.00,-0.1980,-0.1895,-0.2072
79.700,0.0501,-0.0091,0.1634,0.0289,0.00,-0.1973,-0.1889,-0.2065
79.750,0.0486,-0.0092,0.1623,0.0289,0.00,-0.1967,-0.1883,-0.2058
79.800,0.0472,-0.0093,0.1613,0.0289,0.00,-0.1960,-0.1877,-0.2051
79.850,0.0458,-0.0095,0.1602,0.0289,0.00,-0.1953,-0.1871,-0.2044
79.900,0.0443,-0.0096,0.1592,0.0289,0.00,-0.1947,-0.1865,-0.2037
79.950,0.0429,-0.0097,0.1582,0.0289,0.00,-0.1940,-0.1859,-0.2029
80.000,0.0414,-0.0097,0.1571,0.0289,0.00,-0.1934,-0.1853,-0.2022
80.050,0.0400,-0.0098,0.1561,0.0289,0.00,-0.1927,-0.1847,-0.2015
80.100,0.0386,-0.0099,0.1551,0.0289,0.00,-0.1921,-0.1840,-0.2008
80.150,0.0371,-0.0100,0.1540,0.0289,0.00,-0.1914,-0.1834,-0.2001
80.200,0.0357,-0.0101,0.1530,0.0289,0.00,-0.1907,-0.1828,-0.1993
80.250,0.0342,-0.0102,0.1520,0.0289,0.00,-0.1901,-0.1822,-0.1986
80.300,0.0328,-0.0103,0.1510,0.0289,0.00,-0.1894,-0.1816,-0.1979
80.350,0.0313,-0.0104,0.1499,0.0289,0.00,-0.1887,-0.1810,-0.1971
80.400,0.0299,-0.0105,0.1489,0.0289,0.00,-0.1880,-0.1804,-0.1964
80.450,0.0285,-0.0106,0.1479,0.0289,0.00,-0.1874,-0.1797,-0.1957
80.500,0.0270,-0.0107,0.1469,0.0289,0.00,-0.1867,-0.1791,-0.1949
80.550,0.0256,-0.0108,0.1459,0.0289,0.00,-0.1860,-0.1785,-0.1942
80.600,0.0241,-0.0109,0.1449,0.0289,0.00,-0.1853,-0.1779,-0.1935
80.650,0.0227,-0.0109,0.1438,0.0289,0.00,-0.1847,-0.1772,-0.1927
80.700,0.0212,-0.0110,0.1428,0.0289,0.00,-0.1840,-0.1766,-0.1920
80.750,0.0198,-0.0111,0.1418,0.0290,0.00,-0.1833,-0.1760,-0.1912
80.800,0.0183,-0.0112,0.1408,0.0290,0.00,-0.1826,-0.1753,-0.1905
80.850,0.0169,-0.0113,0.1398,0.0290,0.00,-0.1819,-0.1747,-0.1897
80.900,0.0155,-0.0114,0.1388,0.0290,0.00,-0.1812,-0.1741,-0.1890
80.950,0.0140,-0.0114,0.1378,0.0290,0.00,-0.1805,-0.1734,-0.1882
81.000,0.0126,-0.0115,0.1368,0.0290,0.00,-0.1798,-0.1728,-0.1875
81.050,0.0111,-0.0116,0.1358,0.0290,0.00,-0.1791,-0.1721,-0.1867
81.100,0.0097,-0.0117,0.1348,0.0290,0.00,-0.1784,-0.1715,-0.1860
81.150,0.0082,-0.0118,0.1338,0.0290,0.00,-0.1777,-0.1708,-0.1852
81.200,0.0068,-0.0118,0.1328,0.0290,0.00,-0.1770,-0.1702,-0.1844
81.250,0.0053,-0.0119,0.1318,0.0291,0.00,-0.1763,-0.1695,-0.1837
81.300,0.0039,-0.0120,0.1308,0.0291,0.00,-0.1756,-0.1689,-0.1829
81.350,0.0024,-0.0121,0.1298,0.0291,0.00,-0.1749,-0.1682,-0.1821
81.400,0.0010,-0.0121,0.1288,0.0291,0.00,-0.1742,-0.1675,-0.1813
81.450,-0.0005,-0.0122,0.1278,0.0291,0.00,-0.1734,-0.1669,-0.1805
81.500,-0.0020,-0.0123,0.1268,0.0291,0.00,-0.1727,-0.1662,-0.1798
81.550,-0.0034,-0.0124,0.1258,0.0291,0.00,-0.1720,-0.1655,-0.1790
81.600,-0.0049,-0.0124,0.1248,0.0292,0.00,-0.1712,-0.1648,-0.1782
81.650,-0.0063,-0.0125,0.1238,0.0292,0.00,-0.1705,-0.1642,-0.1774
81.700,-0.0078,-0.0126,0.1228,0.0292,0.00,-0.1698,-0.1635,-0.1766
81.750,-0.0092,-0.0127,0.1218,0.0292,0.00,-0.1691,-0.1628,-0.1758
81.800,-0.0107,-0.0127,0.1208,0.0292,0.00,-0.1683,-0.1621,-0.1750
81.850,-0.0121,-0.0128,0.1198,0.0292,0.00,-0.1676,-0.1614,-0.1742
81.900,-0.0136,-0.0129,0.1188,0.0292,0.00,-0.1668,-0.1608,-0.1734
81.950,-0.0151,-0.0129,0.1178,0.0292,0.00,-0.1661,-0.1601,-0.1726
82.000,-0.0165,-0.0130,0.1168,0.0292,0.00,-0.1654,-0.1594,-0.1718
82.050,-0.0180,-0.0131,0.1158,0.0292,0.00,-0.1646,-0.1587,-0.1710
82.100,-0.0194,-0.0131,0.1148,0.0292,0.00,-0.1639,-0.1580,-0.1702
82.150,-0.0209,-0.0132,0.1138,0.0292,0.00,-0.1631,-0.1573,-0.1694
82.200,-0.0224,-0.0133,0.1128,0.0292,0.00,-0.1624,-0.1566,-0.1686
82.250,-0.0238,-0.0133,0.1118,0.0293,0.00,-0.1616,-0.1559,-0.1678
82.300,-0.0253,-0.0134,0.1108,0.0293,0.00,-0.1609,-0.1552,-0.1670
82.350,-0.0267,-0.0134,0.1098,0.0293,0.00,-0.1601,-0.1545,-0.1662
82.400,-0.0282,-0.0135,0.1089,0.0293,0.00,-0.1594,-0.1538,-0.1654
82.450,-0.0297,-0.0136,0.1079,0.0293,0.00,-0.1586,-0.1531,-0.1646
82.500,-0.0311,-0.0136,0.1069,0.0293,0.00,-0.1579,-0.1524,-0.1638
82.550,-0.0326,-0.0137,0.1059,0.0293,0.00,-0.1571,-0.1517,-0.1630
82.600,-0.0341,-0.0137,0.1050,0.0293,0.00,-0.1564,-0.1510,-0.1622
82.650,-0.0355,-0.0138,0.1040,0.0293,0.00,-0.1557,-0.1503,-0.1614
82.700,-0.0370,-0.0138,0.1031,0.0293,0.00,-0.1549,-0.1496,-0.1606
82.750,-0.0384,-0.0139,0.1021,0.0293,0.00,-0.1542,-0.1489,-0.1598
82.800,-0.0399,-0.0139,0.1012,0.0293,0.00,-0.1534,-0.1482,-0.1590
82.850,-0.0414,-0.0140,0.1002,0.0293,0.00,-0.1527,-0.1476,-0.1582
82.900,-0.0428,-0.0140,0.0993,0.0293,0.00,-0.1519,-0.1469,-0.1574
82.950,-0.0443,-0.0141,0.0984,0.0293,0.00,-0.1512,-0.1462,-0.1566
83.000,-0.0457,-0.0141,0.0974,0.0293,0.00,-0.1504,-0.1455,-0.1558
83.050,-0.0472,-0.0142,0.0965,0.0293,0.00,-0.1497,-0.1448,-0.1550
83.100,-0.0487,-0.0142,0.0956,0.0293,0.00,-0.1490,-0.1441,-0.1542
83.150,-0.0501,-0.0143,0.0946,0.0293,0.00,-0.1482,-0.1434,-0.1534
83.200,-0.0516,-0.0143,0.0937,0.0293,0.00,-0.1475,-0.1427,-0.1526
83.250,-0.0531,-0.0144,0.0928,0.0293,0.00,-0.1467,-0.1420,-0.1518
83.300,-0.0545,-0.0144,0.0919,0.0293,0.00,-0.1460,-0.1413,-0.1510
83.350,-0.0560,-0.0144,0.0910,0.0293,0.00,-0.1453,-0.1406,-0.1502
83.400,-0.0574,-0.0145,0.0901,0.0293,0.00,-0.1445,-0.1399,-0.1494
83.450,-0.0589,-0.0145,0.0892,0.0293,0.00,-0.1438,-0.1392,-0.1486
83.500,-0.0604,-0.0146,0.0883,0.0293,0.00,-0.1430,-0.1385,-0.1478
83.550,-0.0618,-0.0146,0.0874,0.0293,0.00,-0.1423,-0.1378,-0.1471
83.600,-0.0633,-0.0146,0.0865,0.0293,0.00,-0.1416,-0.1371,-0.1463
83.650,-0.0648,-0.0147,0.0856,0.0293,0.00,-0.1408,-0.1364,-0.1455
83.700,-0.0662,-0.0147,0.0848,0.0293,0.00,-0.1401,-0.1357,-0.1447
83.750,-0.0677,-0.0148,0.0839,0.0293,0.00,-0.1393,-0.1351,-0.1439
83.800,-0.0691,-0.0148,0.0830,0.0293,0.00,-0.1386,-0.1344,-0.1431
83.850,-0.0706,-0.0148,0.0821,0.0293,0.00,-0.1379,-0.1337,-0.1423
83.900,-0.0721,-0.0149,0.0813,0.0293,0.00,-0.1371,-0.1330,-0.1415
83.950,-0.0735,-0.0149,0.0804,0.0293,0.00,-0.1364,-0.1323,-0.1408
84.000,-0.0750,-0.0149,0.0796,0.0293,0.00,-0.1357,-0.1316,-0.1400
84.050,-0.0765,-0.0149,0.0787,0.0293,0.00,-0.1349,-0.1309,-0.1392
84.100,-0.0779,-0.0150,0.0779,0.0293,0.00,-0.1342,-0.1302,-0.1384
84.150,-0.0794,-0.0150,0.0770,0.0293,0.00,-0.1335,-0.1295,-0.1376
84.200,-0.0808,-0.0150,0.0762,0.0293,0.00,-0.1327,-0.1288,-0.1369
84.250,-0.0823,-0.0151,0.0753,0.0293,0.00,-0.1320,-0.1281,-0.1361
84.300,-0.0838,-0.0151,0.0745,0.0293,0.00,-0.1313,-0.1274,-0.1353
84.350,-0.0852,-0.0151,0.0737,0.0293,0.00,-0.1305,-0.1268,-0.1345
84.400,-0.0867,-0.0151,0.0728,0.0293,0.00,-0.1298,-0.1261,-0.1338
84.450,-0.0882,-0.0152,0.0720,0.0293,0.00,-0.1291,-0.1254,-0.1330
84.500,-0.0896,-0.0152,0.0712,0.0293,0.00,-0.1283,-0.1247,-0.1322
84.550,-0.0911,-0.0152,0.0704,0.0293,0.00,-0.1276,-0.1240,-0.1314
84.600,-0.0925,-0.0152,0.0696,0.0293,0.00,-0.1269,-0.1233,-0.1307
84.650,-0.0940,-0.0152,0.0688,0.0293,0.00,-0.1262,-0.1226,-0.1299
84.700,-0.0955,-0.0153,0.0679,0.0293,0.00,-0.1254,-0.1220,-0.1291
84.750,-0.0969,-0.0153,0.0671,0.0293,0.00,-0.1247,-0.1213,-0.1284
84.800,-0.0984,-0.0153,0.0663,0.0293,0.00,-0.1240,-0.1206,-0.1276
84.850,-0.0999,-0.0153,0.0655,0.0293,0.00,-0.1233,-0.1199,-0.1268
84.900,-0.1013,-0.0153,0.0648,0.0293,0.00,-0.1226,-0.1192,-0.1261
84.950,-0.1028,-0.0153,0.0640,0.0293,0.00,-0.1218,-0.1185,-0.1253
85.000,-0.1043,-0.0154,0.0632,0.0293,0.00,-0.1211,-0.1179,-0.1246
85.050,-0.1057,-0.0154,0.0624,0.0293,0.00,-0.1204,-0.1172,-0.1238
85.100,-0.1072,-0.0154,0.0616,0.0293,0.00,-0.1197,-0.1165,-0.1230
85.150,-0.1086,-0.0154,0.0609,0.0293,0.00,-0.1190,-0.1158,-0.1223
85.200,-0.1101,-0.0154,0.0601,0.0293,0.00,-0.1183,-0.1152,-0.1215
85.250,-0.1116,-0.0154,0.0593,0.0293,0.00,-0.1175,-0.1145,-0.1208
85.300,-0.1130,-0.0154,0.0586,0.0293,0.00,-0.1168,-0.1138,-0.1200
85.350,-0.1145,-0.0155,0.0578,0.0293,0.00,-0.1161,-0.1131,-0.1193
85.400,-0.1160,-0.0155,0.0570,0.0293,0.00,-0.1154,-0.1125,-0.1185
85.450,-0.1174,-0.0155,0.0563,0.0293,0.00,-0.1147,-0.1118,-0.1178
85.500,-0.1189,-0.0155,0.0555,0.0293,0.00,-0.1140,-0.1111,-0.1170
85.550,-0.1203,-0.0155,0.0548,0.0293,0.00,-0.1133,-0.1104,-0.1163
85.600,-0.1218,-0.0155,0.0541,0.0293,0.00,-0.1126,-0.1098,-0.1156
85.650,-0.1233,-0.0155,0.0533,0.0293,0.00,-0.1119,-0.1091,-0.1148
85.700,-0.1247,-0.0155,0.0526,0.0293,0.00,-0.1112,-0.1084,-0.1141
85.750,-0.1262,-0.0155,0.0519,0.0293,0.00,-0.1105,-0.1078,-0.1133
85.800,-0.1277,-0.0155,0.0511,0.0293,0.00,-0.1098,-0.1071,-0.1126
85.850,-0.1291,-0.0155,0.0504,0.0293,0.00,-0.1091,-0.1064,-0.1119
85.900,-0.1306,-0.0155,0.0497,0.0293,0.00,-0.1084,-0.1058,-0.1111
85.950,-0.1321,-0.0155,0.0490,0.0293,0.00,-0.1077,-0.1051,-0.1104
86.000,-0.1335,-0.0155,0.0483,0.0293,0.00,-0.1070,-0.1044,-0.1097
86.050,-0.1350,-0.0155,0.0476,0.0293,0.00,-0.1063,-0.1038,-0.1089
86.100,-0.1364,-0.0155,0.0469,0.0293,0.00,-0.1056,-0.1031,-0.1082
86.150,-0.1379,-0.0155,0.0462,0.0293,0.00,-0.1049,-0.1025,-0.1075
86.200,-0.1394,-0.0155,0.0455,0.0293,0.00,-0.1042,-0.1018,-0.1068
86.250,-0.1408,-0.0155,0.0448,0.0293,0.00,-0.1035,-0.1011,-0.1060
86.300,-0.1423,-0.0155,0.0441,0.0293,0.00,-0.1028,-0.1005,-0.1053
86.350,-0.1438,-0.0155,0.0434,0.0293,0.00,-0.1022,-0.0998,-0.1046
86.400,-0.1452,-0.0155,0.0427,0.0293,0.00,-0.1015,-0.0992,-0.1039
86.450,-0.1467,-0.0155,0.0420,0.0293,0.00,-0.1008,-0.0985,-0.1032
86.500,-0.1482,-0.0155,0.0414,0.0293,0.00,-0.1001,-0.0979,-0.1025
86.550,-0.1496,-0.0155,0.0407,0.0293,0.00,-0.0994,-0.0972,-0.1017
86.600,-0.1511,-0.0155,0.0400,0.0293,0.00,-0.0988,-0.0966,-0.1010
86.650,-0.1525,-0.0155,0.0394,0.0293,0.00,-0.0981,-0.0959,-0.1003
86.700,-0.1540,-0.0155,0.0387,0.0293,0.00,-0.0974,-0.0953,-0.0996
86.750,-0.1555,-0.0155,0.0381,0.0293,0.00,-0.0967,-0.0946,-0.0989
86.800,-0.1569,-0.0155,0.0374,0.0293,0.00,-0.0961,-0.0940,-0.0982
86.850,-0.1584,-0.0155,0.0368,0.0293,0.00,-0.0954,-0.0934,-0.0975
86.900,-0.1599,-0.0155,0.0361,0.0293,0.00,-0.0947,-0.0927,-0.0968
86.950,-0.1613,-0.0155,0.0355,0.0293,0.00,-0.0941,-0.0921,-0.0961
87.000,-0.1628,-0.0154,0.0348,0.0293,0.00,-0.0934,-0.0914,-0.0954
87.050,-0.1643,-0.0154,0.0342,0.0293,0.00,-0.0927,-0.0908,-0.0947
87.100,-0.1657,-0.0154,0.0336,0.0293,0.00,-0.0921,-0.0902,-0.0940
87.150,-0.1672,-0.0154,0.0329,0.0293,0.00,-0.0914,-0.0895,-0.0934
87.200,-0.1686,-0.0154,0.0323,0.0293,0.00,-0.0907,-0.0889,-0.0927
87.250,-0.1701,-0.0154,0.0317,0.0293,0.00,-0.0901,-0.0883,-0.0920
87.300,-0.1716,-0.0154,0.0311,0.0293,0.00,-0.0894,-0.0876,-0.0913
87.350,-0.1730,-0.0154,0.0305,0.0293,0.00,-0.0888,-0.0870,-0.0906
87.400,-0.1745,-0.0154,0.0299,0.0293,0.00,-0.0881,-0.0864,-0.0899
87.450,-0.1760,-0.0153,0.0292,0.0293,0.00,-0.0875,-0.0858,-0.0893
87.500,-0.1774,-0.0153,0.0286,0.0293,0.00,-0.0868,-0.0851,-0.0886
87.550,-0.1789,-0.0153,0.0280,0.0293,0.00,-0.0862,-0.0845,-0.0879
87.600,-0.1804,-0.0153,0.0274,0.0293,0.00,-0.0855,-0.0839,-0.0872
87.650,-0.1818,-0.0153,0.0269,0.0293,0.00,-0.0849,-0.0833,-0.0866
87.700,-0.1833,-0.0153,0.0263,0.0293,0.00,-0.0843,-0.0827,-0.0859
87.750,-0.1848,-0.0153,0.0257,0.0293,0.00,-0.0836,-0.0820,-0.0852
87.800,-0.1862,-0.0152,0.0251,0.0293,0.00,-0.0830,-0.0814,-0.0846
87.850,-0.1877,-0.0152,0.0245,0.0293,0.00,-0.0823,-0.0808,-0.0839
87.900,-0.1891,-0.0152,0.0239,0.0293,0.00,-0.0817,-0.0802,-0.0833
87.950,-0.1906,-0.0152,0.0234,0.0293,0.00,-0.0811,-0.0796,-0.0826
88.000,-0.1921,-0.0152,0.0228,0.0293,0.00,-0.0804,-0.0790,-0.0819
88.050,-0.1935,-0.0151,0.0222,0.0293,0.00,-0.0798,-0.0784,-0.0813
88.100,-0.1950,-0.0151,0.0217,0.0293,0.00,-0.0792,-0.0778,-0.0806
88.150,-0.1965,-0.0151,0.0211,0.0293,0.00,-0.0786,-0.0772,-0.0800
88.200,-0.1979,-0.0151,0.0206,0.0293,0.00,-0.0779,-0.0766,-0.0793
88.250,-0.1994,-0.0151,0.0200,0.0293,0.00,-0.0773,-0.0760,-0.0787
88.300,-0.2009,-0.0150,0.0195,0.0293,0.00,-0.0767,-0.0754,-0.0781
88.350,-0.2023,-0.0150,0.0189,0.0293,0.00,-0.0761,-0.0748,-0.0774
88.400,-0.2038,-0.0150,0.0184,0.0293,0.00,-0.0755,-0.0742,-0.0768
88.450,-0.2052,-0.0150,0.0179,0.0293,0.00,-0.0748,-0.0736,-0.0761
88.500,-0.2067,-0.0149,0.0173,0.0293,0.00,-0.0742,-0.0730,-0.0755
88.550,-0.2082,-0.0149,0.0168,0.0293,0.00,-0.0736,-0.0724,-0.0749
88.600,-0.2096,-0.0149,0.0163,0.0293,0.00,-0.0730,-0.0718,-0.0742
88.650,-0.2111,-0.0149,0.0157,0.0293,0.00,-0.0724,-0.0712,-0.0736
88.700,-0.2126,-0.0149,0.0152,0.0293,0.00,-0.0718,-0.0706,-0.0730
88.750,-0.2140,-0.0148,0.0147,0.0293,0.00,-0.0712,-0.0700,-0.0724
88.800,-0.2155,-0.0148,0.0142,0.0293,0.00,-0.0706,-0.0695,-0.0717
88.850,-0.2170,-0.0148,0.0137,0.0293,0.00,-0.0700,-0.0689,-0.0711
88.900,-0.2184,-0.0148,0.0132,0.0293,0.00,-0.0694,-0.0683,-0.0705
88.950,-0.2199,-0.0147,0.0127,0.0293,0.00,-0.0688,-0.0677,-0.0699
89.000,-0.2213,-0.0147,0.0122,0.0293,0.00,-0.0682,-0.0672,-0.0693
89.050,-0.2228,-0.0147,0.0117,0.0293,0.00,-0.0676,-0.0666,-0.0687
89.100,-0.2243,-0.0146,0.0112,0.0293,0.00,-0.0670,-0.0660,-0.0681
89.150,-0.2257,-0.0146,0.0107,0.0293,0.00,-0.0664,-0.0654,-0.0675
89.200,-0.2272,-0.0146,0.0102,0.0293,0.00,-0.0658,-0.0649,-0.0669
89.250,-0.2287,-0.0146,0.0097,0.0293,0.00,-0.0653,-0.0643,-0.0663
89.300,-0.2301,-0.0145,0.0092,0.0293,0.00,-0.0647,-0.0637,-0.0657
89.350,-0.2316,-0.0145,0.0088,0.0293,0.00,-0.0641,-0.0632,-0.0651
89.400,-0.2331,-0.0145,0.0083,0.0293,0.00,-0.0635,-0.0626,-0.0645
89.450,-0.2345,-0.0144,0.0078,0.0293,0.00,-0.0630,-0.0621,-0.0639
89.500,-0.2360,-0.0144,0.0074,0.0293,0.00,-0.0624,-0.0615,-0.0633
89.550,-0.2374,-0.0144,0.0069,0.0293,0.00,-0.0618,-0.0609,-0.0627
89.600,-0.2389,-0.0143,0.0064,0.0293,0.00,-0.0612,-0.0604,-0.0621
89.650,-0.2404,-0.0143,0.0060,0.0293,0.00,-0.0607,-0.0598,-0.0615
89.700,-0.2418,-0.0143,0.0055,0.0293,0.00,-0.0601,-0.0593,-0.0609
89.750,-0.2433,-0.0143,0.0051,0.0293,0.00,-0.0595,-0.0587,-0.0604
89.800,-0.2448,-0.0142,0.0046,0.0293,0.00,-0.0590,-0.0582,-0.0598
89.850,-0.2462,-0.0142,0.0042,0.0293,0.00,-0.0584,-0.0577,-0.0592
89.900,-0.2477,-0.0142,0.0037,0.0293,0.00,-0.0579,-0.0571,-0.0586
89.950,-0.2491,-0.0141,0.0033,0.0293,0.00,-0.0573,-0.0566,-0.0581
90.000,-0.2506,-0.0141,0.0029,0.0293,0.00,-0.0568,-0.0560,-0.0575
90.050,-0.2521,-0.0141,0.0024,0.0293,0.00,-0.0562,-0.0555,-0.0569
90.100,-0.2535,-0.0140,0.0020,0.0293,0.00,-0.0557,-0.0550,-0.0564
90.150,-0.2550,-0.0140,0.0016,0.0293,0.00,-0.0551,-0.0544,-0.0558
90.200,-0.2565,-0.0140,0.0012,0.0293,0.00,-0.0546,-0.0539,-0.0553
90.250,-0.2579,-0.0139,0.0007,0.0293,0.00,-0.0540,-0.0534,-0.0547
90.300,-0.2594,-0.0139,0.0003,0.0293,0.00,-0.0535,-0.0528,-0.0542
90.350,-0.2609,-0.0138,-0.0001,0.0293,0.00,-0.0530,-0.0523,-0.0536
90.400,-0.2623,-0.0138,-0.0005,0.0293,0.00,-0.0524,-0.0518,-0.0531
90.450,-0.2638,-0.0138,-0.0009,0.0293,0.00,-0.0519,-0.0513,-0.0525
90.500,-0.2652,-0.0137,-0.0013,0.0293,0.00,-0.0513,-0.0507,-0.0520
90.550,-0.2667,-0.0137,-0.0017,0.0293,0.00,-0.0508,-0.0502,-0.0514
90.600,-0.2682,-0.0137,-0.0021,0.0293,0.00,-0.0503,-0.0497,-0.0509
90.650,-0.2696,-0.0136,-0.0025,0.0293,0.00,-0.0498,-0.0492,-0.0503
90.700,-0.2711,-0.0136,-0.0029,0.0293,0.00,-0.0492,-0.0487,-0.0498
90.750,-0.2726,-0.0136,-0.0033,0.0293,0.00,-0.0487,-0.0482,-0.0493
90.800,-0.2740,-0.0135,-0.0036,0.0293,0.00,-0.0482,-0.0477,-0.0487
90.850,-0.2755,-0.0135,-0.0040,0.0293,0.00,-0.0477,-0.0472,-0.0482
90.900,-0.2770,-0.0134,-0.0044,0.0293,0.00,-0.0472,-0.0467,-0.0477
90.950,-0.2784,-0.0134,-0.0048,0.0293,0.00,-0.0467,-0.0462,-0.0472
91.000,-0.2799,-0.0134,-0.0052,0.0293,0.00,-0.0461,-0.0457,-0.0466
91.050,-0.2813,-0.0133,-0.0055,0.0293,0.00,-0.0456,-0.0452,-0.0461
91.100,-0.2828,-0.0133,-0.0059,0.0293,0.00,-0.0451,-0.0447,-0.0456
91.150,-0.2843,-0.0133,-0.0062,0.0293,0.00,-0.0446,-0.0442,-0.0451
91.200,-0.2857,-0.0132,-0.0066,0.0293,0.00,-0.0441,-0.0437,-0.0446
91.250,-0.2872,-0.0132,-0.0070,0.0293,0.00,-0.0436,-0.0432,-0.0441
91.300,-0.2887,-0.0131,-0.0073,0.0293,0.00,-0.0431,-0.0427,-0.0436
91.350,-0.2901,-0.0131,-0.0077,0.0293,0.00,-0.0426,-0.0422,-0.0431
91.400,-0.2916,-0.0131,-0.0080,0.0293,0.00,-0.0421,-0.0417,-0.0426
91.450,-0.2930,-0.0130,-0.0084,0.0293,0.00,-0.0417,-0.0413,-0.0421
91.500,-0.2945,-0.0130,-0.0087,0.0293,0.00,-0.0412,-0.0408,-0.0416
91.550,-0.2960,-0.0129,-0.0090,0.0293,0.00,-0.0407,-0.0403,-0.0411
91.600,-0.2974,-0.0129,-0.0094,0.0293,0.00,-0.0402,-0.0398,-0.0406
91.650,-0.2989,-0.0129,-0.0097,0.0293,0.00,-0.0397,-0.0394,-0.0401
91.700,-0.3004,-0.0128,-0.0100,0.0293,0.00,-0.0392,-0.0389,-0.0396
91.750,-0.3018,-0.0128,-0.0104,0.0293,0.00,-0.0388,-0.0384,-0.0391
91.800,-0.3033,-0.0127,-0.0107,0.0293,0.00,-0.0383,-0.0380,-0.0386
91.850,-0.3047,-0.0127,-0.0110,0.0293,0.00,-0.0378,-0.0375,-0.0381
91.900,-0.3062,-0.0126,-0.0113,0.0293,0.00,-0.0373,-0.0370,-0.0377
91.950,-0.3077,-0.0126,-0.0117,0.0293,0.00,-0.0369,-0.0366,-0.0372
92.000,-0.3091,-0.0126,-0.0120,0.0293,0.00,-0.0364,-0.0361,-0.0367
92.050,-0.3106,-0.0125,-0.0123,0.0293,0.00,-0.0359,-0.0357,-0.0362
92.100,-0.3121,-0.0125,-0.0126,0.0293,0.00,-0.0355,-0.0352,-0.0358
92.150,-0.3135,-0.0124,-0.0129,0.0293,0.00,-0.0350,-0.0347,-0.0353
92.200,-0.3150,-0.0124,-0.0132,0.0293,0.00,-0.0346,-0.0343,-0.0348
92.250,-0.3165,-0.0123,-0.0135,0.0293,0.00,-0.0341,-0.0338,-0.0344
92.300,-0.3179,-0.0123,-0.0138,0.0293,0.00,-0.0337,-0.0334,-0.0339
92.350,-0.3194,-0.0123,-0.0141,0.0293,0.00,-0.0332,-0.0330,-0.0335
92.400,-0.3208,-0.0122,-0.0144,0.0293,0.00,-0.0328,-0.0325,-0.0330
92.450,-0.3223,-0.0122,-0.0147,0.0293,0.00,-0.0323,-0.0321,-0.0326
92.500,-0.3238,-0.0121,-0.0149,0.0293,0.00,-0.0319,-0.0316,-0.0321
92.550,-0.3252,-0.0121,-0.0152,0.0293,0.00,-0.0314,-0.0312,-0.0317
92.600,-0.3267,-0.0120,-0.0155,0.0293,0.00,-0.0310,-0.0308,-0.0312
92.650,-0.3282,-0.0120,-0.0158,0.0293,0.00,-0.0305,-0.0303,-0.0308
92.700,-0.3296,-0.0120,-0.0161,0.0293,0.00,-0.0301,-0.0299,-0.0303
92.750,-0.3311,-0.0119,-0.0163,0.0293,0.00,-0.0297,-0.0295,-0.0299
92.800,-0.3325,-0.0119,-0.0166,0.0293,0.00,-0.0292,-0.0291,-0.0294
92.850,-0.3340,-0.0118,-0.0169,0.0293,0.00,-0.0288,-0.0286,-0.0290
92.900,-0.3355,-0.0118,-0.0171,0.0293,0.00,-0.0284,-0.0282,-0.0286
92.950,-0.3369,-0.0117,-0.0174,0.0293,0.00,-0.0280,-0.0278,-0.0281
93.000,-0.3384,-0.0117,-0.0176,0.0293,0.00,-0.0275,-0.0274,-0.0277
93.050,-0.3399,-0.0116,-0.0179,0.0293,0.00,-0.0271,-0.0269,-0.0273
93.100,-0.3413,-0.0116,-0.0182,0.0293,0.00,-0.0267,-0.0265,-0.0269
93.150,-0.3428,-0.0115,-0.0184,0.0293,0.00,-0.0263,-0.0261,-0.0264
93.200,-0.3442,-0.0115,-0.0187,0.0293,0.00,-0.0258,-0.0257,-0.0260
93.250,-0.3457,-0.0115,-0.0189,0.0293,0.00,-0.0254,-0.0253,-0.0256
93.300,-0.3472,-0.0114,-0.0192,0.0293,0.00,-0.0250,-0.0249,-0.0252
93.350,-0.3486,-0.0114,-0.0194,0.0293,0.00,-0.0246,-0.0245,-0.0247
93.400,-0.3501,-0.0113,-0.0196,0.0293,0.00,-0.0242,-0.0240,-0.0243
93.450,-0.3516,-0.0113,-0.0199,0.0293,0.00,-0.0238,-0.0236,-0.0239
93.500,-0.3530,-0.0112,-0.0201,0.0293,0.00,-0.0234,-0.0232,-0.0235
93.550,-0.3545,-0.0112,-0.0203,0.0293,0.00,-0.0230,-0.0228,-0.0231
93.600,-0.3559,-0.0111,-0.0206,0.0293,0.00,-0.0225,-0.0224,-0.0227
93.650,-0.3574,-0.0111,-0.0208,0.0293,0.00,-0.0221,-0.0220,-0.0223
93.700,-0.3589,-0.0110,-0.0210,0.0293,0.00,-0.0217,-0.0216,-0.0219
93.750,-0.3603,-0.0110,-0.0213,0.0293,0.00,-0.0213,-0.0212,-0.0215
93.800,-0.3618,-0.0110,-0.0215,0.0293,0.00,-0.0210,-0.0209,-0.0211
93.850,-0.3633,-0.0109,-0.0217,0.0293,0.00,-0.0206,-0.0205,-0.0207
93.900,-0.3647,-0.0109,-0.0219,0.0293,0.00,-0.0202,-0.0201,-0.0203
93.950,-0.3662,-0.0108,-0.0221,0.0293,0.00,-0.0198,-0.0197,-0.0199
94.000,-0.3676,-0.0108,-0.0223,0.0293,0.00,-0.0194,-0.0193,-0.0195
94.050,-0.3691,-0.0107,-0.0225,0.0293,0.00,-0.0190,-0.0189,-0.0191
94.100,-0.3706,-0.0107,-0.0227,0.0293,0.00,-0.0186,-0.0185,-0.0187
94.150,-0.3720,-0.0106,-0.0229,0.0293,0.00,-0.0182,-0.0182,-0.0183
94.200,-0.3735,-0.0106,-0.0231,0.0293,0.00,-0.0179,-0.0178,-0.0179
94.250,-0.3749,-0.0105,-0.0233,0.0293,0.00,-0.0175,-0.0174,-0.0176
94.300,-0.3764,-0.0105,-0.0235,0.0293,0.00,-0.0171,-0.0171,-0.0172
94.350,-0.3779,-0.0104,-0.0237,0.0293,0.00,-0.0167,-0.0167,-0.0168
94.400,-0.3793,-0.0104,-0.0239,0.0293,0.00,-0.0164,-0.0163,-0.0164
94.450,-0.3808,-0.0103,-0.0241,0.0293,0.00,-0.0160,-0.0160,-0.0161
94.500,-0.3823,-0.0103,-0.0243,0.0293,0.00,-0.0156,-0.0156,-0.0157
94.550,-0.3837,-0.0102,-0.0245,0.0293,0.00,-0.0153,-0.0152,-0.0153
94.600,-0.3852,-0.0102,-0.0247,0.0293,0.00,-0.0149,-0.0149,-0.0150
94.650,-0.3866,-0.0102,-0.0248,0.0293,0.00,-0.0146,-0.0145,-0.0146
94.700,-0.3881,-0.0101,-0.0250,0.0293,0.00,-0.0142,-0.0142,-0.0143
94.750,-0.3896,-0.0101,-0.0252,0.0293,0.00,-0.0139,-0.0138,-0.0139
94.800,-0.3910,-0.0100,-0.0254,0.0293,0.00,-0.0135,-0.0135,-0.0136
94.850,-0.3925,-0.0100,-0.0255,0.0293,0.00,-0.0132,-0.0131,-0.0132
94.900,-0.3940,-0.0099,-0.0257,0.0293,0.00,-0.0128,-0.0128,-0.0129
94.950,-0.3954,-0.0099,-0.0259,0.0293,0.00,-0.0125,-0.0124,-0.0125
95.000,-0.3969,-0.0098,-0.0260,0.0293,0.00,-0.0121,-0.0121,-0.0122
95.050,-0.3983,-0.0098,-0.0262,0.0293,0.00,-0.0118,-0.0118,-0.0118
95.100,-0.3998,-0.0097,-0.0264,0.0293,0.00,-0.0114,-0.0114,-0.0115
95.150,-0.4013,-0.0097,-0.0265,0.0293,0.00,-0.0111,-0.0111,-0.0111
95.200,-0.4027,-0.0096,-0.0267,0.0293,0.00,-0.0108,-0.0107,-0.0108
95.250,-0.4042,-0.0096,-0.0268,0.0293,0.00,-0.0104,-0.0104,-0.0105
95.300,-0.4057,-0.0095,-0.0270,0.0293,0.00,-0.0101,-0.0101,-0.0101
95.350,-0.4071,-0.0095,-0.0271,0.0293,0.00,-0.0098,-0.0098,-0.0098
95.400,-0.4086,-0.0094,-0.0273,0.0293,0.00,-0.0095,-0.0094,-0.0095
95.450,-0.4100,-0.0094,-0.0274,0.0292,0.00,-0.0091,-0.0091,-0.0092
95.500,-0.4115,-0.0093,-0.0275,0.0292,0.00,-0.0088,-0.0088,-0.0088
95.550,-0.4130,-0.0093,-0.0277,0.0292,0.00,-0.0085,-0.0085,-0.0085
95.600,-0.4144,-0.0093,-0.0278,0.0292,0.00,-0.0082,-0.0082,-0.0082
95.650,-0.4159,-0.0092,-0.0279,0.0292,0.00,-0.0079,-0.0079,-0.0079
95.700,-0.4173,-0.0092,-0.0281,0.0292,0.00,-0.0076,-0.0076,-0.0076
95.750,-0.4188,-0.0091,-0.0282,0.0292,0.00,-0.0073,-0.0073,-0.0073
95.800,-0.4203,-0.0091,-0.0283,0.0292,0.00,-0.0070,-0.0069,-0.0070
95.850,-0.4217,-0.0090,-0.0285,0.0292,0.00,-0.0067,-0.0066,-0.0067
95.900,-0.4232,-0.0090,-0.0286,0.0292,0.00,-0.0064,-0.0063,-0.0064
95.950,-0.4247,-0.0089,-0.0287,0.0292,0.00,-0.0061,-0.0060,-0.0061
96.000,-0.4261,-0.0089,-0.0288,0.0292,0.00,-0.0058,-0.0058,-0.0058
96.050,-0.4276,-0.0088,-0.0289,0.0292,0.00,-0.0055,-0.0055,-0.0055
96.100,-0.4290,-0.0088,-0.0290,0.0292,0.00,-0.0052,-0.0052,-0.0052
96.150,-0.4305,-0.0087,-0.0292,0.0292,0.00,-0.0049,-0.0049,-0.0049
96.200,-0.4320,-0.0087,-0.0293,0.0292,0.00,-0.0046,-0.0046,-0.0046
96.250,-0.4334,-0.0086,-0.0294,0.0292,0.00,-0.0043,-0.0043,-0.0043
96.300,-0.4349,-0.0086,-0.0295,0.0292,0.00,-0.0040,-0.0040,-0.0040
96.350,-0.4363,-0.0085,-0.0296,0.0292,0.00,-0.0037,-0.0037,-0.0038
96.400,-0.4378,-0.0085,-0.0297,0.0292,0.00,-0.0035,-0.0035,-0.0035
96.450,-0.4393,-0.0084,-0.0298,0.0292,0.00,-0.0032,-0.0032,-0.0032
96.500,-0.4407,-0.0084,-0.0299,0.0292,0.00,-0.0029,-0.0029,-0.0029
96.550,-0.4422,-0.0084,-0.0300,0.0292,0.00,-0.0026,-0.0026,-0.0026
96.600,-0.4436,-0.0083,-0.0301,0.0292,0.00,-0.0024,-0.0024,-0.0024
96.650,-0.4451,-0.0083,-0.0302,0.0292,0.00,-0.0021,-0.0021,-0.0021
96.700,-0.4466,-0.0082,-0.0302,0.0292,0.00,-0.0018,-0.0018,-0.0018
96.750,-0.4480,-0.0082,-0.0303,0.0292,0.00,-0.0016,-0.0016,-0.0016
96.800,-0.4495,-0.0081,-0.0304,0.0292,0.00,-0.0013,-0.0013,-0.0013
96.850,-0.4510,-0.0081,-0.0305,0.0292,0.00,-0.0011,-0.0011,-0.0011
96.900,-0.4524,-0.0080,-0.0306,0.0292,0.00,-0.0008,-0.0008,-0.0008
96.950,-0.4539,-0.0080,-0.0307,0.0292,0.00,-0.0005,-0.0005,-0.0005
97.000,-0.4553,-0.0079,-0.0307,0.0292,0.00,-0.0003,-0.0003,-0.0003
97.050,-0.4568,-0.0079,-0.0308,0.0292,0.00,-0.0000,-0.0000,-0.0000
97.100,-0.4583,-0.0078,-0.0309,0.0292,0.00,0.0002,0.0002,0.0002
97.150,-0.4597,-0.0078,-0.0310,0.0292,0.00,0.0005,0.0005,0.0005
97.200,-0.4612,-0.0077,-0.0310,0.0292,0.00,0.0007,0.0007,0.0007
97.250,-0.4626,-0.0077,-0.0311,0.0292,0.00,0.0009,0.0009,0.0009
97.300,-0.4641,-0.0077,-0.0312,0.0292,0.00,0.0012,0.0012,0.0012
97.350,-0.4656,-0.0076,-0.0312,0.0292,0.00,0.0014,0.0014,0.0014
97.400,-0.4670,-0.0076,-0.0313,0.0292,0.00,0.0017,0.0017,0.0017
97.450,-0.4685,-0.0075,-0.0314,0.0292,0.00,0.0019,0.0019,0.0019
97.500,-0.4700,-0.0075,-0.0314,0.0292,0.00,0.0021,0.0021,0.0021
97.550,-0.4714,-0.0074,-0.0315,0.0292,0.00,0.0024,0.0024,0.0024
97.600,-0.4729,-0.0074,-0.0315,0.0292,0.00,0.0026,0.0026,0.0026
97.650,-0.4743,-0.0073,-0.0316,0.0292,0.00,0.0028,0.0028,0.0028
97.700,-0.4758,-0.0073,-0.0316,0.0292,0.00,0.0030,0.0031,0.0030
97.750,-0.4773,-0.0072,-0.0317,0.0292,0.00,0.0033,0.0033,0.0033
97.800,-0.4787,-0.0072,-0.0317,0.0292,0.00,0.0035,0.0035,0.0035
97.850,-0.4802,-0.0072,-0.0318,0.0292,0.00,0.0037,0.0037,0.0037
97.900,-0.4816,-0.0071,-0.0318,0.0292,0.00,0.0039,0.0039,0.0039
97.950,-0.4831,-0.0071,-0.0319,0.0292,0.00,0.0041,0.0042,0.0041
98.000,-0.4846,-0.0070,-0.0319,0.0292,0.00,0.0044,0.0044,0.0044
98.050,-0.4860,-0.0070,-0.0320,0.0292,0.00,0.0046,0.0046,0.0046
98.100,-0.4875,-0.0069,-0.0320,0.0292,0.00,0.0048,0.0048,0.0048
98.150,-0.4889,-0.0069,-0.0320,0.0292,0.00,0.0050,0.0050,0.0050
98.200,-0.4904,-0.0068,-0.0321,0.0292,0.00,0.0052,0.0052,0.0052
98.250,-0.4919,-0.0068,-0.0321,0.0292,0.00,0.0054,0.0054,0.0054
98.300,-0.4933,-0.0067,-0.0321,0.0292,0.00,0.0056,0.0056,0.0056
98.350,-0.4948,-0.0067,-0.0322,0.0292,0.00,0.0058,0.0058,0.0058
98.400,-0.4962,-0.0067,-0.0322,0.0292,0.00,0.0060,0.0060,0.0060
98.450,-0.4977,-0.0066,-0.0322,0.0292,0.00,0.0062,0.0062,0.0062
98.500,-0.4992,-0.0066,-0.0323,0.0292,0.00,0.0064,0.0064,0.0064
98.550,-0.5006,-0.0065,-0.0323,0.0292,0.00,0.0066,0.0066,0.0066
98.600,-0.5021,-0.0065,-0.0323,0.0292,0.00,0.0068,0.0068,0.0068
98.650,-0.5035,-0.0064,-0.0323,0.0292,0.00,0.0070,0.0070,0.0070
98.700,-0.5050,-0.0064,-0.0324,0.0292,0.00,0.0072,0.0072,0.0071
98.750,-0.5065,-0.0063,-0.0324,0.0292,0.00,0.0073,0.0074,0.0073
98.800,-0.5079,-0.0063,-0.0324,0.0292,0.00,0.0075,0.0075,0.0075
98.850,-0.5094,-0.0063,-0.0324,0.0292,0.00,0.0077,0.0077,0.0077
98.900,-0.5109,-0.0062,-0.0324,0.0292,0.00,0.0079,0.0079,0.0079
98.950,-0.5123,-0.0062,-0.0324,0.0292,0.00,0.0081,0.0081,0.0081
99.000,-0.5138,-0.0061,-0.0325,0.0292,0.00,0.0082,0.0083,0.0082
99.050,-0.5152,-0.0061,-0.0325,0.0292,0.00,0.0084,0.0084,0.0084
99.100,-0.5167,-0.0060,-0.0325,0.0292,0.00,0.0086,0.0086,0.0086
99.150,-0.5182,-0.0060,-0.0325,0.0292,0.00,0.0088,0.0088,0.0087
99.200,-0.5196,-0.0060,-0.0325,0.0292,0.00,0.0089,0.0090,0.0089
99.250,-0.5211,-0.0059,-0.0325,0.0292,0.00,0.0091,0.0091,0.0091
99.300,-0.5225,-0.0059,-0.0325,0.0292,0.00,0.0093,0.0093,0.0093
99.350,-0.5240,-0.0058,-0.0325,0.0292,0.00,0.0094,0.0095,0.0094
99.400,-0.5255,-0.0058,-0.0325,0.0292,0.00,0.0096,0.0096,0.0096
99.450,-0.5269,-0.0057,-0.0325,0.0292,0.00,0.0098,0.0098,0.0097
99.500,-0.5284,-0.0057,-0.0325,0.0292,0.00,0.0099,0.0099,0.0099
99.550,-0.5298,-0.0057,-0.0325,0.0292,0.00,0.0101,0.0101,0.0101
99.600,-0.5313,-0.0056,-0.0325,0.0292,0.00,0.0102,0.0103,0.0102
99.650,-0.5328,-0.0056,-0.0325,0.0292,0.00,0.0104,0.0104,0.0104
99.700,-0.5342,-0.0055,-0.0325,0.0292,0.00,0.0105,0.0106,0.0105
99.750,-0.5357,-0.0055,-0.0325,0.0292,0.00,0.0107,0.0107,0.0107
99.800,-0.5371,-0.0055,-0.0325,0.0292,0.00,0.0108,0.0109,0.0108
99.850,-0.5386,-0.0054,-0.0325,0.0292,0.00,0.0110,0.0110,0.0110
99.900,-0.5401,-0.0054,-0.0325,0.0292,0.00,0.0111,0.0112,0.0111
99.950,-0.5415,-0.0053,-0.0325,0.0292,0.00,0.0113,0.0113,0.0113
100.000,-0.5430,-0.0053,-0.0324,0.0292,0.00,0.0114,0.0115,0.0114
100.050,-0.5444,-0.0052,-0.0324,0.0292,0.00,0.0116,0.0116,0.0115
100.100,-0.5459,-0.0052,-0.0324,0.0292,0.00,0.0117,0.0117,0.0117
100.150,-0.5474,-0.0052,-0.0324,0.0292,0.00,0.0118,0.0119,0.0118
100.200,-0.5488,-0.0051,-0.0324,0.0292,0.00,0.0120,0.0120,0.0119
100.250,-0.5503,-0.0051,-0.0324,0.0292,0.00,0.0121,0.0121,0.0121
100.300,-0.5517,-0.0050,-0.0323,0.0292,0.00,0.0122,0.0123,0.0122
100.350,-0.5532,-0.0050,-0.0323,0.0292,0.00,0.0124,0.0124,0.0123
100.400,-0.5547,-0.0050,-0.0323,0.0292,0.00,0.0125,0.0125,0.0125
100.450,-0.5561,-0.0049,-0.0323,0.0292,0.00,0.0126,0.0127,0.0126
100.500,-0.5576,-0.0049,-0.0322,0.0292,0.00,0.0128,0.0128,0.0127
100.550,-0.5591,-0.0048,-0.0322,0.0292,0.00,0.0129,0.0129,0.0129
100.600,-0.5605,-0.0048,-0.0322,0.0292,0.00,0.0130,0.0131,0.0130
100.650,-0.5620,-0.0048,-0.0322,0.0292,0.00,0.0131,0.0132,0.0131
100.700,-0.5634,-0.0047,-0.0321,0.0292,0.00,0.0133,0.0133,0.0132
100.750,-0.5649,-0.0047,-0.0321,0.0292,0.00,0.0134,0.0134,0.0133
100.800,-0.5664,-0.0046,-0.0321,0.0292,0.00,0.0135,0.0135,0.0135
100.850,-0.5678,-0.0046,-0.0320,0.0292,0.00,0.0136,0.0137,0.0136
100.900,-0.5693,-0.0046,-0.0320,0.0292,0.00,0.0137,0.0138,0.0137
100.950,-0.5707,-0.0045,-0.0320,0.0292,0.00,0.0138,0.0139,0.0138
101.000,-0.5722,-0.0045,-0.0319,0.0292,0.00,0.0140,0.0140,0.0139
101.050,-0.5737,-0.0045,-0.0319,0.0292,0.00,0.0141,0.0141,0.0140
101.100,-0.5751,-0.0044,-0.0319,0.0292,0.00,0.0142,0.0142,0.0141
101.150,-0.5766,-0.0044,-0.0318,0.0292,0.00,0.0143,0.0143,0.0142
101.200,-0.5780,-0.0043,-0.0318,0.0292,0.00,0.0144,0.0144,0.0143
101.250,-0.5795,-0.0043,-0.0318,0.0292,0.00,0.0145,0.0145,0.0144
101.300,-0.5810,-0.0043,-0.0317,0.0292,0.00,0.0146,0.0146,0.0145
101.350,-0.5824,-0.0042,-0.0317,0.0292,0.00,0.0147,0.0147,0.0146
101.400,-0.5839,-0.0042,-0.0316,0.0292,0.00,0.0148,0.0148,0.0147
101.450,-0.5853,-0.0041,-0.0316,0.0292,0.00,0.0149,0.0149,0.0148
101.500,-0.5868,-0.0041,-0.0315,0.0292,0.00,0.0150,0.0150,0.0149
101.550,-0.5883,-0.0041,-0.0315,0.0292,0.00,0.0151,0.0151,0.0150
101.600,-0.5897,-0.0040,-0.0315,0.0292,0.00,0.0152,0.0152,0.0151
101.650,-0.5912,-0.0040,-0.0314,0.0292,0.00,0.0153,0.0153,0.0152
101.700,-0.5926,-0.0040,-0.0314,0.0292,0.00,0.0154,0.0154,0.0153
101.750,-0.5941,-0.0039,-0.0313,0.0292,0.00,0.0155,0.0155,0.0154
101.800,-0.5956,-0.0039,-0.0313,0.0292,0.00,0.0155,0.0156,0.0155
101.850,-0.5970,-0.0039,-0.0312,0.0292,0.00,0.0156,0.0157,0.0156
101.900,-0.5985,-0.0038,-0.0312,0.0292,0.00,0.0157,0.0158,0.0157
101.950,-0.5999,-0.0038,-0.0311,0.0292,0.00,0.0158,0.0159,0.0158
102.000,-0.6014,-0.0037,-0.0311,0.0292,0.00,0.0159,0.0159,0.0158
102.050,-0.6029,-0.0037,-0.0310,0.0292,0.00,0.0160,0.0160,0.0159
102.100,-0.6043,-0.0037,-0.0310,0.0292,0.00,0.0161,0.0161,0.0160
102.150,-0.6058,-0.0036,-0.0309,0.0292,0.00,0.0161,0.0162,0.0161
102.200,-0.6072,-0.0036,-0.0308,0.0292,0.00,0.0162,0.0163,0.0162
102.250,-0.6087,-0.0036,-0.0308,0.0292,0.00,0.0163,0.0164,0.0162
102.300,-0.6102,-0.0035,-0.0307,0.0292,0.00,0.0164,0.0164,0.0163
102.350,-0.6116,-0.0035,-0.0307,0.0292,0.00,0.0164,0.0165,0.0164
102.400,-0.6131,-0.0035,-0.0306,0.0292,0.00,0.0165,0.0166,0.0165
102.450,-0.6145,-0.0034,-0.0306,0.0292,0.00,0.0166,0.0167,0.0165
102.500,-0.6160,-0.0034,-0.0305,0.0292,0.00,0.0167,0.0167,0.0166
102.550,-0.6175,-0.0034,-0.0304,0.0292,0.00,0.0167,0.0168,0.0167
102.600,-0.6189,-0.0033,-0.0304,0.0292,0.00,0.0168,0.0169,0.0167
102.650,-0.6204,-0.0033,-0.0303,0.0292,0.00,0.0169,0.0169,0.0168
102.700,-0.6219,-0.0033,-0.0302,0.0292,0.00,0.0169,0.0170,0.0169
102.750,-0.6233,-0.0032,-0.0302,0.0292,0.00,0.0170,0.0171,0.0169
102.800,-0.6248,-0.0032,-0.0301,0.0292,0.00,0.0171,0.0171,0.0170
102.850,-0.6262,-0.0031,-0.0301,0.0292,0.00,0.0171,0.0172,0.0171
102.900,-0.6277,-0.0031,-0.0300,0.0292,0.00,0.0172,0.0173,0.0171
102.950,-0.6292,-0.0031,-0.0299,0.0292,0.00,0.0172,0.0173,0.0172
103.000,-0.6306,-0.0030,-0.0299,0.0292,0.00,0.0173,0.0174,0.0172
103.050,-0.6321,-0.0030,-0.0298,0.0292,0.00,0.0174,0.0174,0.0173
103.100,-0.6335,-0.0030,-0.0297,0.0292,0.00,0.0174,0.0175,0.0174
103.150,-0.6350,-0.0030,-0.0296,0.0292,0.00,0.0175,0.0175,0.0174
103.200,-0.6365,-0.0029,-0.0296,0.0292,0.00,0.0175,0.0176,0.0175
103.250,-0.6379,-0.0029,-0.0295,0.0292,0.00,0.0176,0.0177,0.0175
103.300,-0.6394,-0.0029,-0.0294,0.0292,0.00,0.0176,0.0177,0.0176
103.350,-0.6408,-0.0028,-0.0294,0.0292,0.00,0.0177,0.0178,0.0176
103.400,-0.6423,-0.0028,-0.0293,0.0292,0.00,0.0177,0.0178,0.0177
103.450,-0.6438,-0.0028,-0.0292,0.0292,0.00,0.0178,0.0179,0.0177
103.500,-0.6452,-0.0027,-0.0291,0.0292,0.00,0.0178,0.0179,0.0178
103.550,-0.6467,-0.0027,-0.0291,0.0292,0.00,0.0179,0.0180,0.0178
103.600,-0.6481,-0.0027,-0.0290,0.0292,0.00,0.0179,0.0180,0.0179
103.650,-0.6496,-0.0026,-0.0289,0.0292,0.00,0.0180,0.0180,0.0179
103.700,-0.6511,-0.0026,-0.0289,0.0292,0.00,0.0180,0.0181,0.0179
103.750,-0.6525,-0.0026,-0.0288,0.0292,0.00,0.0181,0.0181,0.0180
103.800,-0.6540,-0.0025,-0.0287,0.0292,0.00,0.0181,0.0182,0.0180
103.850,-0.6554,-0.0025,-0.0286,0.0292,0.00,0.0181,0.0182,0.0181
103.900,-0.6569,-0.0025,-0.0285,0.0292,0.00,0.0182,0.0183,0.0181
103.950,-0.6584,-0.0024,-0.0285,0.0292,0.00,0.0182,0.0183,0.0181
104.000,-0.6598,-0.0024,-0.0284,0.0292,0.00,0.0183,0.0183,0.0182
104.050,-0.6613,-0.0024,-0.0283,0.0292,0.00,0.0183,0.0184,0.0182
104.100,-0.6627,-0.0024,-0.0282,0.0292,0.00,0.0183,0.0184,0.0182
104.150,-0.6642,-0.0023,-0.0282,0.0292,0.00,0.0184,0.0184,0.0183
104.200,-0.6657,-0.0023,-0.0281,0.0292,0.00,0.0184,0.0185,0.0183
104.250,-0.6671,-0.0023,-0.0280,0.0292,0.00,0.0184,0.0185,0.0183
104.300,-0.6686,-0.0022,-0.0279,0.0292,0.00,0.0185,0.0185,0.0184
104.350,-0.6700,-0.0022,-0.0278,0.0292,0.00,0.0185,0.0186,0.0184
104.400,-0.6715,-0.0022,-0.0277,0.0292,0.00,0.0185,0.0186,0.0184
104.450,-0.6730,-0.0021,-0.0277,0.0292,0.00,0.0185,0.0186,0.0185
104.500,-0.6744,-0.0021,-0.0276,0.0292,0.00,0.0186,0.0186,0.0185
104.550,-0.6759,-0.0021,-0.0275,0.0292,0.00,0.0186,0.0187,0.0185
104.600,-0.6774,-0.0021,-0.0274,0.0292,0.00,0.0186,0.0187,0.0185
104.650,-0.6788,-0.0020,-0.0273,0.0292,0.00,0.0186,0.0187,0.0186
104.700,-0.6803,-0.0020,-0.0272,0.0292,0.00,0.0187,0.0187,0.0186
104.750,-0.6817,-0.0020,-0.0272,0.0292,0.00,0.0187,0.0188,0.0186
104.800,-0.6832,-0.0019,-0.0271,0.0292,0.00,0.0187,0.0188,0.0186
104.850,-0.6847,-0.0019,-0.0270,0.0292,0.00,0.0187,0.0188,0.0187
104.900,-0.6861,-0.0019,-0.0269,0.0292,0.00,0.0188,0.0188,0.0187
104.950,-0.6876,-0.0019,-0.0268,0.0292,0.00,0.0188,0.0189,0.0187
105.000,-0.6890,-0.0018,-0.0267,0.0292,0.00,0.0188,0.0189,0.0187
105.050,-0.6905,-0.0018,-0.0266,0.0292,0.00,0.0188,0.0189,0.0187
105.100,-0.6920,-0.0018,-0.0266,0.0292,0.00,0.0188,0.0189,0.0187
105.150,-0.6934,-0.0018,-0.0265,0.0292,0.00,0.0188,0.0189,0.0188
105.200,-0.6949,-0.0017,-0.0264,0.0292,0.00,0.0189,0.0189,0.0188
105.250,-0.6963,-0.0017,-0.0263,0.0292,0.00,0.0189,0.0189,0.0188
105.300,-0.6978,-0.0017,-0.0262,0.0292,0.00,0.0189,0.0190,0.0188
105.350,-0.6993,-0.0016,-0.0261,0.0292,0.00,0.0189,0.0190,0.0188
105.400,-0.7007,-0.0016,-0.0260,0.0292,0.00,0.0189,0.0190,0.0188
105.450,-0.7022,-0.0016,-0.0259,0.0292,0.00,0.0189,0.0190,0.0188
105.500,-0.7036,-0.0016,-0.0259,0.0292,0.00,0.0189,0.0190,0.0188
105.550,-0.7051,-0.0015,-0.0258,0.0292,0.00,0.0189,0.0190,0.0188
105.600,-0.7066,-0.0015,-0.0257,0.0292,0.00,0.0189,0.0190,0.0189
105.650,-0.7080,-0.0015,-0.0256,0.0292,0.00,0.0189,0.0190,0.0189
105.700,-0.7095,-0.0015,-0.0255,0.0292,0.00,0.0190,0.0190,0.0189
105.750,-0.7109,-0.0014,-0.0254,0.0292,0.00,0.0190,0.0190,0.0189
105.800,-0.7124,-0.0014,-0.0253,0.0292,0.00,0.0190,0.0190,0.0189
105.850,-0.7139,-0.0014,-0.0252,0.0292,0.00,0.0190,0.0190,0.0189
105.900,-0.7153,-0.0014,-0.0251,0.0292,0.00,0.0190,0.0191,0.0189
105.950,-0.7168,-0.0013,-0.0250,0.0292,0.00,0.0190,0.0191,0.0189
106.000,-0.7183,-0.0013,-0.0249,0.0292,0.00,0.0190,0.0191,0.0189
106.050,-0.7197,-0.0013,-0.0248,0.0292,0.00,0.0190,0.0191,0.0189
106.100,-0.7212,-0.0013,-0.0248,0.0292,0.00,0.0190,0.0191,0.0189
106.150,-0.7226,-0.0012,-0.0247,0.0292,0.00,0.0190,0.0191,0.0189
106.200,-0.7241,-0.0012,-0.0246,0.0292,0.00,0.0190,0.0191,0.0189
106.250,-0.7256,-0.0012,-0.0245,0.0292,0.00,0.0190,0.0191,0.0189
106.300,-0.7270,-0.0012,-0.0244,0.0292,0.00,0.0190,0.0190,0.0189
106.350,-0.7285,-0.0011,-0.0243,0.0292,0.00,0.0190,0.0190,0.0189
106.400,-0.7299,-0.0011,-0.0242,0.0292,0.00,0.0190,0.0190,0.0189
106.450,-0.7314,-0.0011,-0.0241,0.0292,0.00,0.0190,0.0190,0.0189
106.500,-0.7329,-0.0011,-0.0240,0.0292,0.00,0.0189,0.0190,0.0189
106.550,-0.7343,-0.0010,-0.0239,0.0292,0.00,0.0189,0.0190,0.0189
106.600,-0.7358,-0.0010,-0.0238,0.0292,0.00,0.0189,0.0190,0.0189
106.650,-0.7372,-0.0010,-0.0237,0.0292,0.00,0.0189,0.0190,0.0188
106.700,-0.7387,-0.0010,-0.0236,0.0292,0.00,0.0189,0.0190,0.0188
106.750,-0.7402,-0.0010,-0.0235,0.0292,0.00,0.0189,0.0190,0.0188
106.800,-0.7416,-0.0009,-0.0234,0.0292,0.00,0.0189,0.0190,0.0188
106.850,-0.7431,-0.0009,-0.0233,0.0292,0.00,0.0189,0.0190,0.0188
106.900,-0.7445,-0.0009,-0.0232,0.0292,0.00,0.0189,0.0190,0.0188
106.950,-0.7460,-0.0009,-0.0231,0.0292,0.00,0.0189,0.0189,0.0188
107.000,-0.7475,-0.0008,-0.0230,0.0292,0.00,0.0189,0.0189,0.0188
107.050,-0.7489,-0.0008,-0.0230,0.0292,0.00,0.0188,0.0189,0.0188
107.100,-0.7504,-0.0008,-0.0229,0.0292,0.00,0.0188,0.0189,0.0187
107.150,-0.7519,-0.0008,-0.0228,0.0292,0.00,0.0188,0.0189,0.0187
107.200,-0.7533,-0.0008,-0.0227,0.0292,0.00,0.0188,0.0189,0.0187
107.250,-0.7548,-0.0007,-0.0226,0.0292,0.00,0.0188,0.0189,0.0187
107.300,-0.7562,-0.0007,-0.0225,0.0292,0.00,0.0188,0.0188,0.0187
107.350,-0.7577,-0.0007,-0.0224,0.0292,0.00,0.0187,0.0188,0.0187
107.400,-0.7592,-0.0007,-0.0223,0.0292,0.00,0.0187,0.0188,0.0186
107.450,-0.7606,-0.0007,-0.0222,0.0292,0.00,0.0187,0.0188,0.0186
107.500,-0.7621,-0.0006,-0.0221,0.0292,0.00,0.0187,0.0188,0.0186
107.550,-0.7635,-0.0006,-0.0220,0.0292,0.00,0.0187,0.0188,0.0186
107.600,-0.7650,-0.0006,-0.0219,0.0292,0.00,0.0187,0.0187,0.0186
107.650,-0.7665,-0.0006,-0.0218,0.0292,0.00,0.0186,0.0187,0.0186
107.700,-0.7679,-0.0006,-0.0217,0.0292,0.00,0.0186,0.0187,0.0185
107.750,-0.7694,-0.0005,-0.0216,0.0292,0.00,0.0186,0.0187,0.0185
107.800,-0.7708,-0.0005,-0.0215,0.0292,0.00,0.0186,0.0186,0.0185
107.850,-0.7723,-0.0005,-0.0214,0.0292,0.00,0.0185,0.0186,0.0185
107.900,-0.7738,-0.0005,-0.0213,0.0292,0.00,0.0185,0.0186,0.0184
107.950,-0.7752,-0.0005,-0.0212,0.0292,0.00,0.0185,0.0186,0.0184
108.000,-0.7767,-0.0004,-0.0211,0.0292,0.00,0.0185,0.0186,0.0184
108.050,-0.7782,-0.0004,-0.0210,0.0292,0.00,0.0184,0.0185,0.0184
108.100,-0.7796,-0.0004,-0.0209,0.0292,0.00,0.0184,0.0185,0.0183
108.150,-0.7811,-0.0004,-0.0208,0.0292,0.00,0.0184,0.0185,0.0183
108.200,-0.7825,-0.0004,-0.0207,0.0292,0.00,0.0184,0.0184,0.0183
108.250,-0.7840,-0.0003,-0.0206,0.0292,0.00,0.0183,0.0184,0.0183
108.300,-0.7855,-0.0003,-0.0205,0.0292,0.00,0.0183,0.0184,0.0182
108.350,-0.7869,-0.0003,-0.0204,0.0292,0.00,0.0183,0.0184,0.0182
108.400,-0.7884,-0.0003,-0.0203,0.0292,0.00,0.0183,0.0183,0.0182
108.450,-0.7898,-0.0003,-0.0202,0.0292,0.00,0.0182,0.0183,0.0182
108.500,-0.7913,-0.0002,-0.0201,0.0292,0.00,0.0182,0.0183,0.0181
108.550,-0.7928,-0.0002,-0.0200,0.0292,0.00,0.0182,0.0182,0.0181
108.600,-0.7942,-0.0002,-0.0199,0.0292,0.00,0.0181,0.0182,0.0181
108.650,-0.7957,-0.0002,-0.0198,0.0292,0.00,0.0181,0.0182,0.0180
108.700,-0.7972,-0.0002,-0.0197,0.0292,0.00,0.0181,0.0182,0.0180
108.750,-0.7986,-0.0002,-0.0196,0.0292,0.00,0.0180,0.0181,0.0180
108.800,-0.8001,-0.0001,-0.0195,0.0292,0.00,0.0180,0.0181,0.0179
108.850,-0.8015,-0.0001,-0.0194,0.0292,0.00,0.0180,0.0181,0.0179
108.900,-0.8030,-0.0001,-0.0193,0.0292,0.00,0.0179,0.0180,0.0179
108.950,-0.8045,-0.0001,-0.0193,0.0292,0.00,0.0179,0.0180,0.0178
109.000,-0.8059,-0.0001,-0.0192,0.0292,0.00,0.0179,0.0180,0.0178
109.050,-0.8074,-0.0001,-0.0191,0.0292,0.00,0.0178,0.0179,0.0178
109.100,-0.8088,-0.0000,-0.0190,0.0292,0.00,0.0178,0.0179,0.0177
109.150,-0.8103,-0.0000,-0.0189,0.0292,0.00,0.0178,0.0179,0.0177
109.200,-0.8118,-0.0000,-0.0188,0.0292,0.00,0.0177,0.0178,0.0177
109.250,-0.8132,0.0000,-0.0187,0.0292,0.00,0.0177,0.0178,0.0176
109.300,-0.8147,0.0000,-0.0186,0.0292,0.00,0.0177,0.0177,0.0176
109.350,-0.8161,0.0000,-0.0185,0.0292,0.00,0.0176,0.0177,0.0176
109.400,-0.8176,0.0001,-0.0184,0.0292,0.00,0.0176,0.0177,0.0175
109.450,-0.8191,0.0001,-0.0183,0.0292,0.00,0.0176,0.0176,0.0175
109.500,-0.8205,0.0001,-0.0182,0.0292,0.00,0.0175,0.0176,0.0174
109.550,-0.8220,0.0001,-0.0181,0.0292,0.00,0.0175,0.0176,0.0174
109.600,-0.8235,0.0001,-0.0180,0.0292,0.00,0.0174,0.0175,0.0174
109.650,-0.8249,0.0001,-0.0179,0.0292,0.00,0.0174,0.0175,0.0173
109.700,-0.8264,0.0002,-0.0178,0.0292,0.00,0.0174,0.0174,0.0173
109.750,-0.8278,0.0002,-0.0177,0.0292,0.00,0.0173,0.0174,0.0173
109.800,-0.8293,0.0002,-0.0176,0.0292,0.00,0.0173,0.0174,0.0172
109.850,-0.8308,0.0002,-0.0175,0.0292,0.00,0.0172,0.0173,0.0172
109.900,-0.8322,0.0002,-0.0174,0.0292,0.00,0.0172,0.0173,0.0171
109.950,-0.8337,0.0002,-0.0173,0.0292,0.00,0.0172,0.0172,0.0171
110.000,-0.8351,0.0002,-0.0172,0.0292,0.00,0.0171,0.0172,0.0171
110.050,-0.8366,0.0003,-0.0171,0.0292,0.00,0.0171,0.0171,0.0170
110.100,-0.8381,0.0003,-0.0170,0.0292,0.00,0.0170,0.0171,0.0170
110.150,-0.8395,0.0003,-0.0169,0.0292,0.00,0.0170,0.0171,0.0169
110.200,-0.8410,0.0003,-0.0168,0.0292,0.00,0.0170,0.0170,0.0169
110.250,-0.8425,0.0003,-0.0167,0.0292,0.00,0.0169,0.0170,0.0168
110.300,-0.8439,0.0003,-0.0166,0.0292,0.00,0.0169,0.0169,0.0168
110.350,-0.8454,0.0003,-0.0165,0.0292,0.00,0.0168,0.0169,0.0168
110.400,-0.8468,0.0004,-0.0164,0.0292,0.00,0.0168,0.0168,0.0167
110.450,-0.8483,0.0004,-0.0164,0.0292,0.00,0.0167,0.0168,0.0167
110.500,-0.8498,0.0004,-0.0163,0.0292,0.00,0.0167,0.0168,0.0166
110.550,-0.8512,0.0004,-0.0162,0.0292,0.00,0.0166,0.0167,0.0166
110.600,-0.8527,0.0004,-0.0161,0.0292,0.00,0.0166,0.0167,0.0165
110.650,-0.8542,0.0004,-0.0160,0.0292,0.00,0.0166,0.0166,0.0165
110.700,-0.8556,0.0004,-0.0159,0.0292,0.00,0.0165,0.0166,0.0164
110.750,-0.8571,0.0004,-0.0158,0.0292,0.00,0.0165,0.0165,0.0164
110.800,-0.8585,0.0005,-0.0157,0.0292,0.00,0.0164,0.0165,0.0164
110.850,-0.8600,0.0005,-0.0156,0.0292,0.00,0.0164,0.0164,0.0163
110.900,-0.8615,0.0005,-0.0155,0.0292,0.00,0.0163,0.0164,0.0163
110.950,-0.8629,0.0005,-0.0154,0.0292,0.00,0.0163,0.0163,0.0162
111.000,-0.8644,0.0005,-0.0153,0.0292,0.00,0.0162,0.0163,0.0162
111.050,-0.8658,0.0005,-0.0152,0.0292,0.00,0.0162,0.0162,0.0161
111.100,-0.8673,0.0005,-0.0151,0.0292,0.00,0.0161,0.0162,0.0161
111.150,-0.8688,0.0005,-0.0150,0.0292,0.00,0.0161,0.0161,0.0160
111.200,-0.8702,0.0006,-0.0149,0.0292,0.00,0.0160,0.0161,0.0160
111.250,-0.8717,0.0006,-0.0149,0.0292,0.00,0.0160,0.0160,0.0159
111.300,-0.8732,0.0006,-0.0148,0.0292,0.00,0.0159,0.0160,0.0159
111.350,-0.8746,0.0006,-0.0147,0.0292,0.00,0.0159,0.0160,0.0158
111.400,-0.8761,0.0006,-0.0146,0.0292,0.00,0.0158,0.0159,0.0158
111.450,-0.8775,0.0006,-0.0145,0.0292,0.00,0.0158,0.0159,0.0157
111.500,-0.8790,0.0006,-0.0144,0.0292,0.00,0.0157,0.0158,0.0157
111.550,-0.8805,0.0006,-0.0143,0.0292,0.00,0.0157,0.0158,0.0156
111.600,-0.8819,0.0006,-0.0142,0.0292,0.00,0.0156,0.0157,0.0156
111.650,-0.8834,0.0007,-0.0141,0.0292,0.00,0.0156,0.0157,0.0155
111.700,-0.8848,0.0007,-0.0140,0.0292,0.00,0.0155,0.0156,0.0155
111.750,-0.8863,0.0007,-0.0139,0.0292,0.00,0.0155,0.0155,0.0154
111.800,-0.8878,0.0007,-0.0138,0.0292,0.00,0.0154,0.0155,0.0154
111.850,-0.8892,0.0007,-0.0138,0.0292,0.00,0.0154,0.0154,0.0153
111.900,-0.8907,0.0007,-0.0137,0.0292,0.00,0.0153,0.0154,0.0153
111.950,-0.8922,0.0007,-0.0136,0.0292,0.00,0.0153,0.0153,0.0152
112.000,-0.8936,0.0007,-0.0135,0.0292,0.00,0.0152,0.0153,0.0152
112.050,-0.8951,0.0007,-0.0134,0.0292,0.00,0.0152,0.0152,0.0151
112.100,-0.8965,0.0007,-0.0133,0.0292,0.00,0.0151,0.0152,0.0151
112.150,-0.8980,0.0008,-0.0132,0.0292,0.00,0.0151,0.0151,0.0150
112.200,-0.8995,0.0008,-0.0131,0.0292,0.00,0.0150,0.0151,0.0150
112.250,-0.9009,0.0008,-0.0130,0.0292,0.00,0.0150,0.0150,0.0149
112.300,-0.9024,0.0008,-0.0129,0.0292,0.00,0.0149,0.0150,0.0149
112.350,-0.9039,0.0008,-0.0129,0.0292,0.00,0.0149,0.0149,0.0148
112.400,-0.9053,0.0008,-0.0128,0.0292,0.00,0.0148,0.0149,0.0148
112.450,-0.9068,0.0008,-0.0127,0.0292,0.00,0.0148,0.0148,0.0147
112.500,-0.9082,0.0008,-0.0126,0.0292,0.00,0.0147,0.0148,0.0147
112.550,-0.9097,0.0008,-0.0125,0.0292,0.00,0.0147,0.0147,0.0146
112.600,-0.9112,0.0008,-0.0124,0.0292,0.00,0.0146,0.0147,0.0146
112.650,-0.9126,0.0008,-0.0123,0.0292,0.00,0.0146,0.0146,0.0145
112.700,-0.9141,0.0009,-0.0122,0.0292,0.00,0.0145,0.0146,0.0145
112.750,-0.9155,0.0009,-0.0122,0.0292,0.00,0.0144,0.0145,0.0144
112.800,-0.9170,0.0009,-0.0121,0.0292,0.00,0.0144,0.0144,0.0143
112.850,-0.9185,0.0009,-0.0120,0.0292,0.00,0.0143,0.0144,0.0143
112.900,-0.9199,0.0009,-0.0119,0.0292,0.00,0.0143,0.0143,0.0142
112.950,-0.9214,0.0009,-0.0118,0.0292,0.00,0.0142,0.0143,0.0142
113.000,-0.9229,0.0009,-0.0117,0.0292,0.00,0.0142,0.0142,0.0141
113.050,-0.9243,0.0009,-0.0116,0.0292,0.00,0.0141,0.0142,0.0141
113.100,-0.9258,0.0009,-0.0116,0.0292,0.00,0.0141,0.0141,0.0140
113.150,-0.9272,0.0009,-0.0115,0.0292,0.00,0.0140,0.0141,0.0140
113.200,-0.9287,0.0009,-0.0114,0.0292,0.00,0.0140,0.0140,0.0139
113.250,-0.9302,0.0009,-0.0113,0.0292,0.00,0.0139,0.0139,0.0139
113.300,-0.9316,0.0010,-0.0112,0.0292,0.00,0.0138,0.0139,0.0138
113.350,-0.9331,0.0010,-0.0111,0.0292,0.00,0.0138,0.0138,0.0138
113.400,-0.9346,0.0010,-0.0110,0.0292,0.00,0.0137,0.0138,0.0137
113.450,-0.9360,0.0010,-0.0110,0.0292,0.00,0.0137,0.0137,0.0136
113.500,-0.9375,0.0010,-0.0109,0.0292,0.00,0.0136,0.0137,0.0136
113.550,-0.9389,0.0010,-0.0108,0.0292,0.00,0.0136,0.0136,0.0135
113.600,-0.9404,0.0010,-0.0107,0.0292,0.00,0.0135,0.0136,0.0135
113.650,-0.9419,0.0010,-0.0106,0.0292,0.00,0.0135,0.0135,0.0134
113.700,-0.9433,0.0010,-0.0106,0.0292,0.00,0.0134,0.0134,0.0134
113.750,-0.9448,0.0010,-0.0105,0.0292,0.00,0.0134,0.0134,0.0133
113.800,-0.9463,0.0010,-0.0104,0.0292,0.00,0.0133,0.0133,0.0133
113.850,-0.9477,0.0010,-0.0103,0.0292,0.00,0.0132,0.0133,0.0132
113.900,-0.9492,0.0010,-0.0102,0.0292,0.00,0.0132,0.0132,0.0131
113.950,-0.9506,0.0010,-0.0101,0.0292,0.00,0.0131,0.0132,0.0131
114.000,-0.9521,0.0011,-0.0101,0.0292,0.00,0.0131,0.0131,0.0130
114.050,-0.9536,0.0011,-0.0100,0.0292,0.00,0.0130,0.0131,0.0130
114.100,-0.9550,0.0011,-0.0099,0.0292,0.00,0.0130,0.0130,0.0129
114.150,-0.9565,0.0011,-0.0098,0.0292,0.00,0.0129,0.0129,0.0129
114.200,-0.9580,0.0011,-0.0097,0.0292,0.00,0.0128,0.0129,0.0128
114.250,-0.9594,0.0011,-0.0097,0.0292,0.00,0.0128,0.0128,0.0128
114.300,-0.9609,0.0011,-0.0096,0.0292,0.00,0.0127,0.0128,0.0127
114.350,-0.9623,0.0011,-0.0095,0.0292,0.00,0.0127,0.0127,0.0126
114.400,-0.9638,0.0011,-0.0094,0.0292,0.00,0.0126,0.0127,0.0126
114.450,-0.9653,0.0011,-0.0093,0.0292,0.00,0.0126,0.0126,0.0125
114.500,-0.9667,0.0011,-0.0093,0.0292,0.00,0.0125,0.0125,0.0125
114.550,-0.9682,0.0011,-0.0092,0.0292,0.00,0.0125,0.0125,0.0124
114.600,-0.9697,0.0011,-0.0091,0.0292,0.00,0.0124,0.0124,0.0124
114.650,-0.9711,0.0011,-0.0090,0.0292,0.00,0.0123,0.0124,0.0123
114.700,-0.9726,0.0011,-0.0090,0.0292,0.00,0.0123,0.0123,0.0122
114.750,-0.9740,0.0011,-0.0089,0.0292,0.00,0.0122,0.0123,0.0122
114.800,-0.9755,0.0011,-0.0088,0.0292,0.00,0.0122,0.0122,0.0121
114.850,-0.9770,0.0011,-0.0087,0.0292,0.00,0.0121,0.0121,0.0121
114.900,-0.9784,0.0012,-0.0087,0.0292,0.00,0.0121,0.0121,0.0120
114.950,-0.9799,0.0012,-0.0086,0.0292,0.00,0.0120,0.0120,0.0120
115.000,-0.9814,0.0012,-0.0085,0.0292,0.00,0.0119,0.0120,0.0119
115.050,-0.9828,0.0012,-0.0084,0.0293,0.00,0.0119,0.0119,0.0119
115.100,-0.9843,0.0012,-0.0084,0.0293,0.00,0.0118,0.0119,0.0118
115.150,-0.9857,0.0012,-0.0083,0.0293,0.00,0.0118,0.0118,0.0117
115.200,-0.9872,0.0012,-0.0082,0.0293,0.00,0.0117,0.0117,0.0117
115.250,-0.9887,0.0012,-0.0081,0.0293,0.00,0.0117,0.0117,0.0116
115.300,-0.9901,0.0012,-0.0081,0.0293,0.00,0.0116,0.0116,0.0116
115.350,-0.9916,0.0012,-0.0080,0.0293,0.00,0.0115,0.0116,0.0115
115.400,-0.9931,0.0012,-0.0079,0.0293,0.00,0.0115,0.0115,0.0115
115.450,-0.9945,0.0012,-0.0078,0.0293,0.00,0.0114,0.0115,0.0114
115.500,-0.9960,0.0012,-0.0078,0.0293,0.00,0.0114,0.0114,0.0113
115.550,-0.9974,0.0012,-0.0077,0.0293,0.00,0.0113,0.0114,0.0113
115.600,-0.9989,0.0012,-0.0076,0.0293,0.00,0.0113,0.0113,0.0112
115.650,-1.0004,0.0012,-0.0075,0.0293,0.00,0.0112,0.0112,0.0112
115.700,-1.0018,0.0012,-0.0075,0.0293,0.00,0.0112,0.0112,0.0111
115.750,-1.0033,0.0012,-0.0074,0.0293,0.00,0.0111,0.0111,0.0111
115.800,-1.0048,0.0012,-0.0073,0.0293,0.00,0.0110,0.0111,0.0110
115.850,-1.0062,0.0012,-0.0073,0.0293,0.00,0.0110,0.0110,0.0110
115.900,-1.0077,0.0012,-0.0072,0.0293,0.00,0.0109,0.0110,0.0109
115.950,-1.0091,0.0012,-0.0071,0.0293,0.00,0.0109,0.0109,0.0108
116.000,-1.0106,0.0012,-0.0071,0.0293,0.00,0.0108,0.0108,0.0108
116.050,-1.0121,0.0012,-0.0070,0.0293,0.00,0.0108,0.0108,0.0107
116.100,-1.0135,0.0013,-0.0069,0.0293,0.00,0.0107,0.0107,0.0107
116.150,-1.0150,0.0013,-0.0068,0.0293,0.00,0.0106,0.0107,0.0106
116.200,-1.0165,0.0013,-0.0068,0.0293,0.00,0.0106,0.0106,0.0106
116.250,-1.0179,0.0013,-0.0067,0.0293,0.00,0.0105,0.0106,0.0105
116.300,-1.0194,0.0013,-0.0066,0.0293,0.00,0.0105,0.0105,0.0105
116.350,-1.0208,0.0013,-0.0066,0.0293,0.00,0.0104,0.0104,0.0104
116.400,-1.0223,0.0013,-0.0065,0.0293,0.00,0.0104,0.0104,0.0103
116.450,-1.0238,0.0013,-0.0064,0.0293,0.00,0.0103,0.0103,0.0103
116.500,-1.0252,0.0013,-0.0064,0.0293,0.00,0.0103,0.0103,0.0102
116.550,-1.0267,0.0013,-0.0063,0.0293,0.00,0.0102,0.0102,0.0102
116.600,-1.0282,0.0013,-0.0062,0.0293,0.00,0.0101,0.0102,0.0101
116.650,-1.0296,0.0013,-0.0062,0.0293,0.00,0.0101,0.0101,0.0101
116.700,-1.0311,0.0013,-0.0061,0.0293,0.00,0.0100,0.0101,0.0100
116.750,-1.0325,0.0013,-0.0060,0.0293,0.00,0.0100,0.0100,0.0100
116.800,-1.0340,0.0013,-0.0060,0.0293,0.00,0.0099,0.0099,0.0099
116.850,-1.0355,0.0013,-0.0059,0.0293,0.00,0.0099,0.0099,0.0098
116.900,-1.0369,0.0013,-0.0058,0.0293,0.00,0.0098,0.0098,0.0098
116.950,-1.0384,0.0013,-0.0058,0.0293,0.00,0.0098,0.0098,0.0097
117.000,-1.0399,0.0013,-0.0057,0.0293,0.00,0.0097,0.0097,0.0097
117.050,-1.0413,0.0013,-0.0057,0.0293,0.00,0.0096,0.0097,0.0096
117.100,-1.0428,0.0013,-0.0056,0.0293,0.00,0.0096,0.0096,0.0096
117.150,-1.0442,0.0013,-0.0055,0.0293,0.00,0.0095,0.0096,0.0095
117.200,-1.0457,0.0013,-0.0055,0.0293,0.00,0.0095,0.0095,0.0095
117.250,-1.0472,0.0013,-0.0054,0.0293,0.00,0.0094,0.0095,0.0094
117.300,-1.0486,0.0013,-0.0053,0.0293,0.00,0.0094,0.0094,0.0094
117.350,-1.0501,0.0013,-0.0053,0.0293,0.00,0.0093,0.0093,0.0093
117.400,-1.0516,0.0013,-0.0052,0.0293,0.00,0.0093,0.0093,0.0093
117.450,-1.0530,0.0013,-0.0052,0.0293,0.00,0.0092,0.0092,0.0092
117.500,-1.0545,0.0013,-0.0051,0.0293,0.00,0.0092,0.0092,0.0091
117.550,-1.0559,0.0013,-0.0050,0.0293,0.00,0.0091,0.0091,0.0091
117.600,-1.0574,0.0013,-0.0050,0.0293,0.00,0.0091,0.0091,0.0090
117.650,-1.0589,0.0013,-0.0049,0.0293,0.00,0.0090,0.0090,0.0090
117.700,-1.0603,0.0013,-0.0049,0.0293,0.00,0.0090,0.0090,0.0089
117.750,-1.0618,0.0013,-0.0048,0.0293,0.00,0.0089,0.0089,0.0089
117.800,-1.0633,0.0013,-0.0048,0.0293,0.00,0.0089,0.0089,0.0088
117.850,-1.0647,0.0013,-0.0047,0.0293,0.00,0.0088,0.0088,0.0088
117.900,-1.0662,0.0013,-0.0047,0.0293,0.00,0.0088,0.0088,0.0087
117.950,-1.0676,0.0013,-0.0046,0.0293,0.00,0.0087,0.0087,0.0087
118.000,-1.0691,0.0013,-0.0045,0.0293,0.00,0.0087,0.0087,0.0086
118.050,-1.0706,0.0013,-0.0045,0.0293,0.00,0.0086,0.0086,0.0086
118.100,-1.0720,0.0013,-0.0044,0.0293,0.00,0.0086,0.0086,0.0086
118.150,-1.0735,0.0013,-0.0044,0.0293,0.00,0.0085,0.0085,0.0085
118.200,-1.0750,0.0013,-0.0043,0.0293,0.00,0.0085,0.0085,0.0084
118.250,-1.0764,0.0013,-0.0043,0.0293,0.00,0.0084,0.0084,0.0084
118.300,-1.0779,0.0013,-0.0042,0.0293,0.00,0.0084,0.0084,0.0083
118.350,-1.0794,0.0013,-0.0042,0.0293,0.00,0.0083,0.0083,0.0083
118.400,-1.0808,0.0013,-0.0041,0.0293,0.00,0.0083,0.0083,0.0082
118.450,-1.0823,0.0013,-0.0040,0.0293,0.00,0.0082,0.0082,0.0082
118.500,-1.0837,0.0013,-0.0040,0.0293,0.00,0.0081,0.0082,0.0081
118.550,-1.0852,0.0013,-0.0039,0.0293,0.00,0.0081,0.0081,0.0081
118.600,-1.0867,0.0013,-0.0039,0.0293,0.00,0.0080,0.0081,0.0080
118.650,-1.0881,0.0013,-0.0038,0.0293,0.00,0.0080,0.0080,0.0080
118.700,-1.0896,0.0013,-0.0038,0.0293,0.00,0.0079,0.0079,0.0079
118.750,-1.0911,0.0013,-0.0037,0.0293,0.00,0.0079,0.0079,0.0079
118.800,-1.0925,0.0013,-0.0037,0.0293,0.00,0.0078,0.0078,0.0078
118.850,-1.0940,0.0013,-0.0036,0.0293,0.00,0.0078,0.0078,0.0078
118.900,-1.0954,0.0013,-0.0035,0.0293,0.00,0.0077,0.0077,0.0077
118.950,-1.0969,0.0013,-0.0035,0.0293,0.00,0.0077,0.0077,0.0076
119.000,-1.0984,0.0013,-0.0034,0.0293,0.00,0.0076,0.0076,0.0076
119.050,-1.0998,0.0013,-0.0034,0.0293,0.00,0.0076,0.0076,0.0075
119.100,-1.1013,0.0013,-0.0033,0.0293,0.00,0.0075,0.0075,0.0075
119.150,-1.1028,0.0013,-0.0033,0.0293,0.00,0.0075,0.0075,0.0074
119.200,-1.1042,0.0013,-0.0032,0.0293,0.00,0.0074,0.0074,0.0074
119.250,-1.1057,0.0013,-0.0032,0.0293,0.00,0.0073,0.0074,0.0073
119.300,-1.1072,0.0013,-0.0031,0.0293,0.00,0.0073,0.0073,0.0073
119.350,-1.1086,0.0013,-0.0031,0.0293,0.00,0.0072,0.0073,0.0072
119.400,-1.1101,0.0013,-0.0030,0.0293,0.00,0.0072,0.0072,0.0072
119.450,-1.1115,0.0013,-0.0030,0.0293,0.00,0.0071,0.0072,0.0071
119.500,-1.1130,0.0013,-0.0029,0.0293,0.00,0.0071,0.0071,0.0071
119.550,-1.1145,0.0013,-0.0029,0.0293,0.00,0.0070,0.0070,0.0070
119.600,-1.1159,0.0013,-0.0028,0.0293,0.00,0.0070,0.0070,0.0070
119.650,-1.1174,0.0013,-0.0028,0.0293,0.00,0.0069,0.0069,0.0069
119.700,-1.1189,0.0013,-0.0027,0.0293,0.00,0.0069,0.0069,0.0069
119.750,-1.1203,0.0013,-0.0027,0.0293,0.00,0.0068,0.0068,0.0068
119.800,-1.1218,0.0013,-0.0026,0.0293,0.00,0.0068,0.0068,0.0068
119.850,-1.1232,0.0013,-0.0026,0.0293,0.00,0.0067,0.0067,0.0067
119.900,-1.1247,0.0013,-0.0025,0.0293,0.00,0.0067,0.0067,0.0067
119.950,-1.1262,0.0013,-0.0025,0.0293,0.00,0.0066,0.0066,0.0066
120.000,-1.1276,0.0013,-0.0024,0.0293,0.00,0.0066,0.0066,0.0066
